Question,Option0,Option1,Option2,Option3,Option4,Option5
"媽給你送錢包來啦 來 你看一下是不是這個
對 就是這個 你在哪裡找到它的
",你看 這是我新買的錢包,我的錢包不見了啦,以後上網咖的錢包在我身上,什麼有錢包場,早上你爸爸在車上找到的 一定是前天你放學的時候掉在車上了,我為什麼要給你們錢包
"古人說三日不讀書 面目可憎 我覺得我最近可能臉色太難看了
",所以想回復我昔日面貌姣好的樣子,是不是要定期來舉辦,各辦理一次才對,能夠督促所有的用人機關,在上次的節目討論中也有提到,超過九十分貝以上
"你說我們做父母的最擔心的就是這個
",我剛剛聽你媽說你要讀什麼科,其他老師又集體叛變,聽起來好好玩天啊,只是小孩自己的興趣不能得到發展 他們的心裡可能也會很悶喔,走到這裡就沒有路了耶,每一個科目像是國語數學都很優秀
"是不是因為以前你的書包太重了 所以你想要發明這個
",這個應該也是其中之一的原因,好神奇喔,它怎麼突然會這樣,那我去探索一下,牠會不會覺得很不開心 會生氣,我覺得很高興
"那可不見得 有錢能使鬼推磨
",好 這個就是我們今天比較級的用法,真的嗎 什麼禮物,有餅乾吃我也要吃,我知道隔壁班今天也有地理課 我陪你去借,什麼你說我是鬼,我表姊從國外帶回來的 送你一個
"真的嗎
當然是真的囉 如果你不相信的話 可以問姜老師啊
",老師常常看了都很感動,你不要太在意同學們怎麼想,老師先給你們一個功課,就是因為這樣 你們才要更包容他更鼓勵他,是啊 這點老師也可以證明喔,沒有人是十全十美的
"你今天是要介紹哪一位人物 讓我們認識呢
是和戲劇有關喔 特別是默劇
",我們不是當事人，不太方便回答相關問題,兩人得到了法國航空提供的巴黎來回機票,這個人我已經知道是誰啦 就是耿一偉老師嘛,墨西哥是自古以來就吃昆蟲的國家,兩人相繼離世 親朋好友皆非常感傷,善用資源聰明借款 早日實現買屋夢想
"輝哥 全部都被你吃了 你很過分
就兩顆 你還剩下這樣子 那我吃什麼
沒有 因為你們一直在問問題 我閒著無聊
",然後煮一煮就變成紅色的嗎,我就把它吃完了,現在要把那個木頭給粉碎掉,因為聽說以前是用燒的,會造成空氣污染,像他們現在這樣粉碎掉
"大嬸啊 我不是說過了嗎 我們村子都是善男信女 老弱婦孺 怎麼會是練功的料呢
",看來大家對男生女生應該有什麼樣子 還是有很刻板的印象喔,我們讀不讀書關你屁事啊 你管那麼多幹嘛,錯了 我們的武功是要教大家 以小博大 以柔克剛 男女老幼都可以學習的,所以做母親的 我們覺得非常了不起非常偉大,這次你就假裝沒看到,好 就交給你們
"你只要拿得到滅火器 就代表你的逃生動線是安全的 你就算火滅不掉
",防災達人接下來要突擊的,是位在桃園八德市的一家雜貨店,之前台語歌曲天后張秀卿,曾跟店主人共進晚餐,你還是可以跑出去,終於以超人的毅力
"你不知道那些狗仔 什麼時候又跑去 挖你那間舊房子的新聞
",這樣的工作不一定就是相對弱勢喔,不了解他人的利他 反而會造成更大的傷害,指考成績出爐,好啦 沒關係 心情放輕鬆一點,如果有工作後的學長姐分享會更棒,謝謝一如既往收看影片
"那你覺得應該收多少錢才好
大家同學嘛 也不能太貴 一次二十怎麼樣 薄利多銷
",也該畫上句點了,人有時會因為另外一個人 而改變,上次我不是跟你說 這個秘密基地漏水的事情嗎,你喔身在福中不知福,我們就可以測試它的溫度,還真的很不錯耶
"你最拿手的是什麼菜
",這你選的耶,可愛的小學生,電風扇,中獎就好了,炒高麗菜,找你三百九十一
"奕瑄 我知道你很生氣 但你先看看卡片裡面寫些什麼內容 好嗎
奕瑄 芷穎都這樣子了 你就原諒他嘛
",對啊 芷穎都知道錯了 你就原諒他吧,八戒 為師不是告誡過你 不是屬於自己的東西 不能隨便佔為己有嗎,你們真的是很愛吃,我有帶溼紙巾,我們要稍微ㄍㄧㄥ一下,我爸因為工作的關係 常常都不會在家
"其實你可以試著 把你最近感覺到的 還有想到的 把它寫下來
",可是在詩人的眼裡 下雨也有另外一番風情,真倒楣 差一點點就趕上了,你家不是很近嗎 有沒有興趣用走的,好吧 我試試,我實在是不知道女生這樣 會哭得這麼厲害,你還要當著全班的面朗讀 她當然會覺得很難堪
"我們集訓兩個月之後 然後僥倖得到冠軍
什麼僥倖得到冠軍
",是大家一起同意的,真的僥倖啦,初生之犢不畏虎,你們覺得環境有逐漸變好嗎,便宜很多,為什麼沒有放大家的合照
"上面怎麼有刮痕
哪有 本來就這樣啊
",明明就有 你自己看,用過的東西不可能跟新的一樣,可以啊 賠多少,你很奇怪耶 有事不直接說出來,要是有什麼事情 我幫你出面解決嘛,你要我講什麼 我就是不開心
"請你當我女朋友
我 我覺得跟你在一起很開心 但是 我們還是繼續當好同學就好了
",那跟我們的流言又有什麼關係呢,反正流言已經破解了,我現在這顆頭 是不是在這空中漂浮啊,我們其實是延伸了 畫家的一個想法,我真不懂 為什麼 詠真一下跟我說在一起很開心 一下又說當好同學就好,在網路上面散播不實流言
"說台灣每年大概有四千人 因為自殺而身亡呢 光聽我就起雞皮疙瘩了耶
",四千條生命就這麼因為想不開而沒了喔,動不動就為了一點小事要自殺,我怕他真的想不開,昨天晚上我一位朋友失戀在鬧自殺耶,像我最近就認識一位很勇敢的小女生,她還是努力的活下去
"奕瑄 你怎麼了
媽 你可不可以叫爸不要再來學校接我啦
可是你以前不是都吵著要爸爸去學校接你嗎
",那是以前 現在我不喜歡,因為我要接送小孩,直接送到需要幫助的人身上,它的電直接送到輪胎那邊的馬達,直接送訓導處去處理就好啦,直接送警察局
"你不要生氣嘛 媽媽只是替你 跟謝秀菁把事情說清楚而已
",不過我真的沒有惡意喔 我不是來興師問罪的,同學被欺負 你還幸災樂禍,你不要管我了 我已經不是三歲小孩了,改天你倒楣 我就在旁邊給你拍拍手,你來學校幹嘛,吃晚餐的時候 一碗飯吃了半個小時
"你現在在選什麼魚
",這樣工程感覺很浩大,我的專長是平面設計,我在選狗母魚,用來記事的便利貼,不是以電腦繪圖做成的,只有半個小時的時間
"我工作服穿好了以後 要開始怎麼做呢
開始我們今天要做的是對稱
什麼叫對稱
",一個盤子然後你什麼都要一樣,別的國小好像都沒有,他們都會很興奮,要開始怎麼做呢,讓他們對學校更有 自己的感情在,我看我來不及回家了
"那不是鹽啦
原來是這樣喔
來 我再跟你解釋一下
",因為在古時候沒有冰箱對不對 所以吃的東西如果想要保存久一點,就是那個曬鹽的地方喔,嘉義是嘉義的意思嗎,回味一下他那個年代搭火車的情況,那它的生日是什麼時候,可以看到蒸汽火車行駛冒煙的樣子
"對不起
不好意思
我剛才叫你番茄
",一定是有進步啦,這個經驗非常有趣,這孩子應該是有天分,其實我也說錯了,看起來好像學生的年紀,我媽非常無法忍受
"我們現在就要每五分鐘做一次記錄 看看哪一鍋的蝦子最先死翹翹
",會讓蝦活得比較久,對 然後這樣就能知道牠們到底在尿液能不能夠存活比較久,那有什麼特別的啊,王芃她表現得真好,但是今天老師不上課,好腥喔我這個味道好奇怪
"那如果我考不上難道你也要配合嗎
這是什麼話 我對你有信心
",受到學生們的熱情感染,我們都已經實驗完畢了,我們現在來到這邊呢,除了要注意魚的顏色之外,你都對自己沒信心了,再欣賞這個霧濛濛的湖景
"我先生那時候常常喝酒
",總算是走過來了,實在令人欽佩,說是因為工作壓力太大,我也很欽佩素珍媽媽,相處十幾年,我常勸他不要喝了
"因為我二十歲就結婚了
",單親媽媽的呢,走出心裡面陰影的一面,所以我要去學工作,那在這段走出來的階段,結婚以後生了兩個孩子,有職訓局有很多個職訓
"你的水是要倒掉的嗎
對啊
",我是去跟你的同學道歉,這飲料真好喝,我正好要去辦公室找你呢,我幫你吧,她正在嘗試改變她自己,也許媽媽太過於呵護你
"你看這天你根本沒有寫說要帶英文作業嘛 還說有寫
",對不起我不是故意的,兩個音節的形容詞 前面就不需要加MORE,我給她兩本記事簿啊 很貴又很漂亮呢 是她自己答應要幫我記的,以後沒有交作業只要這樣 應一聲就可以打混過去了,這份禮物是跟老師賠罪的,可是既然你覺得我做得不好 那我就不要做了
"依你的經驗來看蝦子是不是比較適合活在海水裡
",是不是真的能夠活更久,但是每當有外地人嫌我們這裡不好的時候,是啊 牠本來就在海洋裡面所以牠應該在海水裡面是最健康的,我也會盡力的幫助他們,同學們準備好作答了沒有,可以請阿輝幫忙啊
"來 媽剛打好的新鮮果菜汁 休息一下嘛 一直盯著課本 會傷眼睛的喔
好啦 放在桌子上 我等一下就喝
",希望她大人大量 不要放在心上,誰知道事情的經過是那樣,還真讓人傷腦筋呢,這種不良的記錄 是沒有辦法被抹掉的,我實在很心疼,趕快趁鮮喝 要不然維他命C就流失啦
"洪老師 您好 是不是只有澎湖的赤崁才有丁香魚 別的地方沒有
",真好吃耶,在國小的這個階段 我們是注重到學生最基礎的語言素養,它曬得很乾 所以身體表面這條銀白色的縱帶 它就會暗暗的 灰灰的,這一艘就是丁香魚的捕魚船,其實這個丁香魚 台灣沿海四周都有產,觀眾朋友您的傳真 是對我們最大的鼓勵跟支持
"老師為什麼他們都有我沒有
",熱心助人是沒錯,全家搬到美國去,親善大使是要代表學校出去的耶,她總是笑容滿面,因為老師覺得他們寫得很認真很精彩啊,潘依宸跟同學他們相處的情形
"剛剛珠珠說你是依君的祕書
",什麼你說我是鬼,我知道隔壁班今天也有地理課 我陪你去借,我表姊從國外帶回來的 送你一個,可是我在乎的不是她的禮物 而是她的心意啊,那位大小姐幹嘛給你巧克力,我要去廁所 你幫我把音樂課本拿回教室喔
"如果哪一個轉身他沒有轉過去了 他就是會走到今天了
是 而在老師的戲裡面 我覺得你是在關心這些人 他們看到了這些片段的時候
",我們都說這小孩子 就是小時候不學好啦,你說扒手集團收留 因為他們實在無路可去了,請老師請繼續努力,因為他們實在無路可去了,是 這個是我覺得很棒的一件事,其實它裡面有一個轉折很
"總教練耶 看起來好年輕喔 我一直以為練太極拳的 都是那種白髮蒼蒼的老公公耶
",這個年紀的孩子狀況總是比較多一點,對啊 被你們發現了,你這麼 年紀這麼大 你還跟你兒子出去展覽幹嘛,這個年紀就懂得正視難題,其實練太極拳 不管他的年齡 高矮胖瘦 都是可以習練的,小小年紀就要承受生離死別的折磨
"想法奇特的他 會想邀請的來賓是誰呢
",可能很難想像,張秀卿 她的歌真的很好聽,這是一個很蠢的問題,他這很可愛,我要去做我要做的東西,該冷靜的時候要冷靜
"而且福馬林聽說有一種很奇怪的味道 我剛剛也有聞到 你幫我聞聞看 怎麼樣
感覺有一種化學刺激味 聞起來讓人很不舒服
",還賴在這裡做什麼,不舒服的感覺嗎,這個不是基本常識嗎,主要目的呢就是說,不用麻煩了蕭先生,吊白塊和一氧化碳
"你們怎麼會在這裡
",那我現在帶你過去看縱切面,真的存在耶,扁柏就是因為太優秀了,是你自己跳到我們旁邊來的,而是一整片千年神木呢,因為它生長速度比較快
"你怎麼可能會聽古典音樂
拜託 我也是很有氣質的
",回去再打電話問問看她好了,我還是會繼續努力,總要持之以恆慢慢來嘛,萬丈高樓平地起,你這樣子很難讓我相信你有氣質,但我也不會氣餒的
"我發現你們這邊有兩棵這麼大棵的鐵樹啊
這個應該也是歷史悠久了
從什麼時候開始啊
",我覺得不能講楷模啦,去享受採果的樂趣,會想請誰來吃晚餐呢,留下來的藏寶圖,這樣反而對身體不好喔,照我的估計 它大概有一百三十歲左右
"你們現在要做什麼
",我們現在把網子給拉開來,發亮耶超可愛的,只放了三十五秒,它有很有趣的名字,風吹到台北盆地這邊,好像鹽水蜂炮那樣
"要是有什麼事情 我幫你出面解決嘛
你還要管我嗎 你已經幫倒忙了
你不要這麼說嘛 媽媽又不是一個沒有腦袋的人
",可是孩子們比較難體會做家長的心情嘛,她做事慢吞吞的 跟她一組會受影響啦,合群一點好不好,你的腦袋就是跟別人想的不一樣,上面怎麼有刮痕,一碗飯吃了半個小時
"家隆 你怎麼會在這個地方
因為這棟房子很可愛 引發了我的好奇心 所以就進來參觀了
是露營車的主人請你進來的嗎
",有人說露營車是成年人的大玩具 因為開這種車出門很好玩的,對 這裡是餐廳,坐在這個地方 不但可以吃飯聊天 晚上還可以當成床舖睡覺,真不賴 想吃東西馬上就可以煮了,這部露營車好拉風 不如我們進去參觀參觀吧,沒錯 因為我就一直好奇的張望 於是露營車的主人就請我進來參觀了
"阿公 要離開台灣了
",但在這群人手上 鏟子只有一種用法,先祝國內外的大家飛黃騰達了,實事求是是外科醫師的特色,你也可以直接購買最新貼圖唷,我覺得很怪 有一個人不在我旁邊,這麼厲害的經營模式 只能幫分享了
"我媽說這個老年人 老人家最經不起這樣摔的啦 很危險啊
你現在在說什麼
",不知道耶,這是因為蠶絲被它是一種天然的,你說誰是老年人,動物性的蛋白纖維,苗栗的蠶絲被,豆油伯
"大家幫你送行 你自己跑來在這裡
我都快被安安煩死
",你別無聊了好不好,你試試看,她這麼黏你你是劉德華呀,如果四毛醒不過來 他就是植物人,你自己怎麼不試呀,你今天吃錯藥
"希望我哪天可以跟她一樣 說英文都不會緊張
英文是說得很好啦
",在此我們要特別呼籲年輕朋友,廣告過後,我替你選一首輕快的歌曲,包準你聽了會開心很多的,廣告前接聽了千千的電話,但她好像太驕傲了
"你在幹嘛 怎麼突然停下來了
沒有啦 剛好放空
",候補也可以出頭天,受傷了就要去看醫生接受治療,後果可能會更嚴重,傷到哪裡了,你還有時間放空,你在那兩分鐘的獨奏表演
"這個牛山保護區這邊 海岸線又特別的長 沙跟鵝卵石特別的多 所以這種換膚的情況
",他必須要用竹竿撐竿跳,這個叫什麼呢,根據我小兵的判斷,就特別的明顯,還有沒有什麼漂亮的地方,沙灘就是沙灘
"我是劉亮宏 我對化學中的奈米科技 很感興趣
",年紀一大把了,你現在正在發育的年紀,我們兩個年紀一樣,你這種年紀就應該把心思放在讀書上,我女兒現在年紀還小,我是蕭年艾 科學對我來說是一個 可以滿足我好奇心的領域
"鍾沅
幹嘛
",我知道,我有話要跟你講,醫院回來以後有好一點了,不錯呀 訂單越來越多,一個三十幾歲的女人沒有多少時間 好好的去愛一個人了,小心一點
"新年快到了 曉書 你過年有沒有什麼計劃呢
",聽你這麼說 好像很不錯,我打算回高雄的老家 全家團圓吃年夜飯,你是名副其實的好老公,真是讓我大開眼界,我有點心動了,今兒個我們就要帶大夥 一起去一探究竟吧
"借我你的百發百中重點筆記好不好
不好
",我們看到這個海面,拜託啦 你如果借我的話 下次要我做什麼事情我都可以幫你,類似的一個酒的一個副產品,如果你每次都拿到滿分的話,是要讓火車進來還是出去,泡在百分之五十尿液裡的蝦子
"賢賢走 我們去放
好啊等一下
",所以很多人就稱它為冬瓜山啦,而且也不怕它撞壞啊,我們禮拜天要辦成果發表會,沒有一個人把我的話說對的啦,豆油伯星期天你一定要來捧場,輝哥還要等什麼啊
"這種廣告 能把房子賣出去才有鬼 哪個白癡 哪個腦殘想的 該不會是你吧 啊
報告賀總 我最近太忙了 只好請新人幫忙 所以真正想廣告詞的是 她
",上半期啊 大家表現得都不錯,妳要多鑽研啊 想冒泡就要多花一點工夫囉,各位看這個照片 多麼有精神, 這三個字 也是我們賀氏房屋的精神指標,妳待會就知道了啦,喔 是妳呀 難怪 難怪這麼菜
"等一下我就回去接你跟你媽媽 今天我們全家一起去吃大餐
",搞不好我哪天朗讀比賽 可以得第一名也說不定,故天將降大任於是人也,明天你要去比賽,中秋晚會跟聖人有什麼關係,一個活動怎麼有這麼多的問題,好 謝謝爸爸
"那 你會說台語嗎
",也許這是一種時髦的關係,先把衣服換下來,我會騎馬,所以我一大早 就離開了客棧,我會啊,炸得四分五裂對不對
"好快喔 一個月又過去了
是啊
所以我們要好好的把握時間啊 對啊
",就可以通知你們來救我了,不然又多一歲囉,後來你怎麼擺脫那台計程車的啊,趁紅燈的時候就跳下去啦,所以說只要人聰明,沒有手機也可以呀
"你說的這位視障豎笛高手 是哪位啊
",我才不要聽呢,你看那裡好乾淨,這位豎笛高手的名字叫做胡清祥,這怎麼可能發生呢,這實在是太難以置信了,我家住在台北市
"老師 你先回去好了 我一個人可以照顧爸爸的
",只可惜你媽不得已 留下了我們先離而去,多加休養應該就可以了,子寧 你又長大一歲了,還記得你小時候過生日 最喜歡的就是媽媽親手給你做的蛋糕,子寧 我還是留下來再陪你一會兒好了,你還在蘑菇什麼
"是什麼因素 會讓你接觸到藝術方面呢 為什麼
",其實是有一些巧合啦 那當然我小時候很喜歡戲劇,全部都把它寫在網誌上 看看讀者有什麼反應,要做低風險 低報酬的加盟型創業,吃辣可以增進食慾促進消化 驅寒,穩固的治國體制卻從未能建立起來,故事主要發生在一個虛幻的大陸
"要不要吃飯 我幫你買
",那個都是假的,什麼什麼沒做,這樣要怎麼辦,人家不是不讓你處理,我真的受不了他,不要
"老師 要不要再重新考慮一下
有什麼不好的 人家姵蓁很可愛 做事又負責
對啊 人家老師才不像你們男生 只會看外表 一點都不成熟
",俗話說 歹竹出好筍 強調的是後天養成的重要性,悲傷放在過去 重新邁向新的生活,你們明天要去衝浪嗎,你的臉流汗之後 也會這麼狼狽不堪嗎,好啊 那你說 你們有祐禎的漂亮和溫柔嗎,等一下就要下雨了
"幫助珮綺在班上同學面前建立自信心 這樣才是將功贖罪啊
",你願不願意回到班上,那到我家吧,每一個要準備五分鐘,你準備得怎麼樣啦,我一定會想個好辦法的,她很活潑很開朗
"不過這個本氏液是幹嘛用的
你不知道喔 來 小中解釋給他聽
",我們分別把這三支試管 放到這個燒杯裡面隔水加熱,你現在就左手拿這一杯水 右手拿這個藥,黃大哥 對不起 有眼不識泰山,那我就來試試看 它到底有多神秘,沒問題 看我的秘密檔案 本氏液它是藍色的液體,如果車子有問題 我就牽到路邊修理
"他的名字好像叫做陳明偉 對不對
",一起來欣賞陳明偉的表演囉,沒錯 就是他,手語有兩個比法喔,每天在學校上完課之後 回到家都要寫作業,手指數一二三四五六七八 就是數學,英文是許多聽障朋友心中的痛
"打了三十六圈的牌 一天一夜都沒闔眼了
不錯嘛 你還記得我們的門牌號碼喔 我以為你迷了路 找不到家了
你煩不煩啊 一進門就唸 我看你是睡飽了
",你是好爸爸 你是一家之主,要不是為了等你 我早上就把作業送出去了,梁碧珊又不是超人 回家換衣服的速度不可能那麼快吧,你還好意思對我大聲啊 你看看現在幾點鐘了,你講話可不要這麼難聽喔 我打牌多少也是為了補貼家用,還跟我大小聲 你嚇唬誰呀你
"你們兩個會不會太誇張了一點 隨時隨地都看到你們黏在一起
我跟珺嵐這麼有默契 借到的東西也一模一樣
這樣會被誤會 誰跟你有默契
",是舒琪 千晏她們有默契,希望他可以為大家測量出,或做標本用的防腐劑,昨天開始的這趟旅程當中,劍道越來越退步啊,牠們到底在尿液能不能夠存活比較久呢
"蘿拉跟幼華 進行語言交換活動三年多了 每次碰面 幼華都很認真準備資料
",吃喝等死的日子,到底是怎麼回事呢,接著牛爾問起兩個孩子,聽到一些不愉快的片段,讓老牛看到了一些幸福,還會想些有趣的活動
"好 裝好了綁腿之後呢 我們還要上這個汗墊
汗墊 汗墊是幹嘛的
",汗墊就是防止它在馬背上的時候 會因為汗而這樣滑來滑去,那個看起來更刺激,但是這種東西 還是需要長時間練習才對嘛,如果耳朵亂動的話 就是代表牠不專心,你住在閣樓上,那你要不要示範一次給我看
"我們有問題要問你
可是老師現在有事情耶
",謝謝,老師老師,你換不換,我們下次再問好了,好嘛好嘛,你不要那麼兇嘛
"你曾聽說過你們這裡 有一種怪水嗎
",怪水什麼怪水,以前一直說這是毒龍潭,冷冷的泉就是冷泉啊,你如果不相信 我等一下使兩套功夫給你看,對啊要打的時候 趕快跳過圍牆 就打不到了啊,老師這個汽水喝一輩子也喝不完耶
"那你有什麼新發現嗎
我發現 其實芳儀不是那麼的嬌弱 以後我不能再把她當溫室的花朵了
",芳儀她的個性是有柔弱一點 但是沒什麼大問題,媽媽有跟老師說 她正在嘗試改變她自己,今天陳媽媽來 是特地想要來跟大家說對不起的,每個人負責的工作 我貼在黑板上 大家自己來看,是啊 孩子的成長是很快速的 適時的放手讓她獨立吧,雖然在家裡面 是個霸道的小公主
"曉書 你在做什麼啦你 你幹嘛那麼緊張呢
",這輛重車該不會是你的吧,很高興認識你 我是從白俄羅斯來的,這麼精采的故事 怎麼可能會錯過呢,我只是在跟重車拍張照,你就坐那裡就可以了,有很多同學會跟我聊天啊
"今天要介紹一位藝術家朋友 她可是鼎鼎有名 獲獎無數的足畫家喔
原來如此啊
",設計跟施工規範這個部分,就是像超商那個部分,再把它擴大,像最近有人在談超商,待會兒就可以欣賞到許多國畫作品,是不是也要把它納進來規範
"家裡的生意正在忙需要你 不要一直想要跑到外面去玩好不好
",不過還是有一些痕跡的,我不是要出去玩 我是要去學更多的東西,同學們你相信嗎,第一次踏上綠島這塊土地,那哈瑪星這個地方,小中還在認真的走
"怎麼才幾天不見 你的眼睛就變成熊貓眼了
",你這幾天去哪了,美白面膜讓你閃閃動人,好看嗎,還不是為了要看聽奧啊,熊貓跟貓熊一樣嗎,幾天是幾天
"媽 我的手好痛 我不能彈琴了啦
怎麼會這樣子呢
",是我太自私了,發生什麼事了,其實老師也有疏忽,明天還要上課,就讓少瑄先來伴奏吧,要幫我姐姐演奏的婚禮歌曲
"他活該倒楣手錶壞了 你幹嘛幫他修
可是如果我沒追他的話 他的錶應該就不會掉吧
",可惜客人太多了,食物通通免費,那是他活該,我覺得時間不夠多了,避免教室孳生蚊蟲,不要沉迷於遊戲了
"黃媽媽那是你種的圓葉椒草嗎
你也懂得圓葉椒草 一般人只懂得它是盆栽
",埔里的公路兩旁有很多在賣甘蔗的,點燃了哈瑪星璀璨的歲月,當然囉 因為我們家也有種 而且我也蠻喜歡植物的,這個一切下去的話,同學們知道福馬林是什麼嗎,我阿公阿嬤從台南來的
"不過現在海上風平浪靜的 好舒服喔
",輕輕一碰就會爆開,沾到這個鬼針草的果實耶,是啊 沒什麼浪對不對,這小小的挺可愛的,讓我散播歡樂散播愛,幾乎是每天的中午左右 就會開始一直起霧
"不要說功課沒人管 我看飯也沒得吃
你講話憑良心喔 你問碧珊 我是餓著她 還是凍著她了
",搞不好真的有這種泉水,怎麼可以用這種態度對待長輩呢 你這到底是跟誰過不去,換作我們任何一位老師 都很難心平氣和,講我你自己呢 整天整夜的不在家,練功練什麼功啊,你還說到嘴角全部都是口水
"因為吊白塊裡面有一種成分叫做福馬林 同學們知道福馬林是什麼嗎
用來做標本用的
",你好聰明喔,不過為什麼是我走啊,所以大家在買海鮮的時候,好可憐總共死了九隻半,綠島一年只有六個月的旺季,那現在願望也許完啦
"您知道他們在做什麼呢
在釣魚 其實是釣小管
",其實沒有那麼嚴重,古城那邊熱鬧一點,我這麼大歲數才生這個喔,本人比較美嗎,有點晚了是不是,釣得到嗎
"考得不錯嘛 竟然考八十七分
",那為什麼還要到處趴趴走,補習班怎麼那麼小,就沒有辦法好好念,她在房間裡讀書,奶奶好想你,那當然了 我花了超多時間念書
"聽說你以前最重的時候有一百五十公斤啊 是什麼情況
去了美國之後的一兩年之內我的食量大增 吃多又懶得運動
",難怪體重會這麼重,我就是做伏地挺身,最簡單的方式就是躺在床上,體重這樣忽胖忽瘦的,最後就是跑步,輕鬆多了 效果也不錯喔
"這哪叫做算命啊 你們這些人啊真是太好騙了
那什麼才叫真的算命呢
",算八字啦 測字啊 卜卦啊 還有紫微斗數啊,不過同學們一定要有 知命但是不認命的觀念,那個胖妹啊真討厭,趁你人氣正旺的時候 發點小財啊,請看緊自己的荷包 以免遺失貴重物品,因為它有蒸氣壓
"你會覺得我們很怪嗎
",在我胸膛燃燒的都是你,這招魂一定要有他的衣服,我不想一輩子 一直待在一個小漁村裡面,你這裡的東西不錯耶,早上有一個歐巴桑 打電話來找你,不會啊 我覺得你們很自由
"豆油伯你不要生氣啦 小兵沒有這個意思啦
我們這個村子大家都知道 你做人最好 還有童叟無欺
",打贏的才能得佳人的芳心,對啊你才知道啊,那我們要開始來做紮架,這一個點就是重心的點的位置,我也不知道 它就是飛不起來,可以把那個圖案畫上去了
"阿伯 你這池裡面有養什麼東西
",可是一天兩餐 一個月六千 我覺得負擔得起啦,我們透過改造牠的生活空間 還有跟牠玩遊戲的時間,如果你要直接從牆外面 是絕對看不到的,這蘋果聞起來好香喔,豆仔魚、花身仔還有蝦子 混養的啦,有幾次上台就是發抖 然後口吃
"而對於製作手工娃娃來說 一雙靈活又生動的眼睛
",所以從在那個信仰裡面,融入到國民中小學的課程裡面,用學習的心態去,可是我在最後放棄了,這樣不對喔,同樣也是作品成敗的關鍵
"弄這麼高 牠大概也跳不出去啦
那跳出去了怎麼辦呢
",它就像是這台挖土機,給我們一個健康的建議,接下來要來做個大調查,跳出去就讓牠放生囉,買一些蔬菜水果回來吃,對你的生活有什麼改變或影響嗎
"其實奕瑄這樣的心態是可以被理解的
可是我先生他已經痛改前非了啊
",接受人家的好意是一種美德,我認為要讓奕瑄重新打開心房 是急不得的 我們需要更多的毅力跟耐性,你就拿出勇氣接受大家的期望吧,說不定就像我們點仙女棒一樣 把兩個物質湊在一起 然後就發生超恐怖的爆炸,我只是想要早點接受訓練,如果他不肯接受我的道歉呢
"媽媽 我跟你講 上次那個案子 明天就要正式發包出去了
",今天我們全家一起去吃大餐,一個活動怎麼有這麼多的問題 烤肉殺價殺不了,原來回家的路上 有這麼多有趣的事,我發現我和世界 隔著一道厚厚的門,真的啊 真應該去慶祝一下,跟搭公車看到的風景 是不太一樣的
"你知道高雄的舊名叫打狗嗎
這個不是基本常識嗎
那你知道我現在站的地方其實是海嗎
",我阿公阿嬤是從澎湖來的,是比較容易去瞭解一些事情,這是黑心商人的作法,其實這裡大家很多不曉得,我已經沒有法寶了,真的假的 你怎麼知道
"媽以為你是一時興起 沒想到你越做越開心 你想不想朝這方面的興趣發展
可是可以嗎
",蝦子和鮭魚會各自產生怎樣的變化呢,打撈過水冰鎮鋪冰塊,還可以削成甘蔗筍來煮菜呢,當然可以啦 你只要選擇你所愛愛你所選,要不然我可以每天放學都打電話督促你讀書,可是今年店裡報名參加浮潛的人又多
"哥哥 你想邀請誰來家裡跟你吃飯
",我想邀請乾爸,發現很多幸運的事就發生在咫尺,有時候這不單單是球員可以決定,南韓人對精英教育系統失去了信任,把燈關上吧,真好奇這種不完全正確的觀念從哪裡來的
"她可不只是叩來長相一樣的依依 彼此還互換衣服交換身上的氣味
這招還真絕
",牠會去找氣味比較濃烈的,正所謂鍥而不捨 金石可鏤,但是對於追蹤犬來說 怎麼不會搞混呢,我們兩個換了衣服了耶,足跡就是人踩過的步伐,可能連回到學校都有點困難
"奇怪 是走這條路沒錯啊 怎麼會來到什麼小烏來風景區
",再也不用擔心因為流汗而看起來狼狽不堪了,你姓吳嗎,沒錯啦 義盛國小就是往裡面走,一元復始 萬象更新,這麼久不見 你看起來更魁梧,那邊種了很多的葡萄
"這中間他都感覺不到你對他的好感嗎
沒有 我很會藏
他幫你這麼多
",其實說不定他也有點喜歡你呢,你可以跟父母商量,或是找好朋友傾訴,千萬不要一個人悶著頭鑽牛角尖囉,有什麼事情,我是台北的紀老師
"豆油伯我跟你講喔 我們禮拜天要辦成果發表會 你一定要來喔
要我去喔
",豆油伯星期天你一定要來捧場,沒有一個人把我的話說對的啦,所以很多人就稱它為冬瓜山啦,對啊你才知道啊,打贏的才能得佳人的芳心,那我們要開始來做紮架
"你看他們的婚姻 你覺得好嗎
",即使如此 自己是男同志的事 也從沒跟媽媽說,她可能唯一就蠻擔心我還怎麼樣吧,她應該什麼都知道了,我說你們走了,不一定都不好,我不想要拿這種東西當賭注
"這什麼東西
銅鑼燒
你是哆啦A夢對不對
",只要他們高興就好,肚子飽了再講嘛,因為哆啦A夢最喜歡吃銅鑼燒了,我的聲音怎麼樣,沒有錢吃飯,基本上錢都是她拿
"好熱鬧喔 看到他們這麼熱情的招待我 知道我要來 這麼大的場面來歡迎我
",只要大家默契好一點,真是有點不好意思,一個西瓜切成兩半,這兩個女人可想而知,可是他們從不放棄,我跳海餵魚算了啦
"那我們東邊升起的這一票星座呢
我們就叫做冬季星空
那是不是頭頂上還有星座對不對
",是會發光的恆星,離我們最近的就是太陽系,那就是前一個季節的星座,然後自己不會發光,我們的衛星是月亮,那光一秒鐘就跑地球七圈半
"這個扁柏館也是用扁柏蓋的啊
",紅檜因為它的樹皮比較平滑,這樣子紙做的不會被吹倒嗎,不是 我們是用紙蓋的喔,是你自己跳到我們旁邊來的,說到檜木你會想到什麼,它又不會說救命啊
"你們種在這邊的話 它的那個根都會到水裡 所以魚的卵都產在那個根上面
對
 鄭叔叔說
",四角吊網,這個尖尖的是什麼東西,那個就是要抓魚時,把它拉起來,這裡的魚繁殖方式非常的特別,它就會浮起來
"你會留在這裡嗎
我不知道
",老闆娘這麼熱情喔,你自己輸牌就叫人家收東西,你離去背影如黃色玫瑰,晚上表演的東西也不收一收,那我跟你一起回漁港好了,愛情彷彿化妝舞會
"天氣這麼熱你還會感冒
哈啾哈啾 才不是感冒咧 可能是你那個被子
",牠三天三夜就吐光了,害我鼻子現在過敏,我回去還要仔仔細細地跟他們說,我今天做蠶絲被的過程,今天非常謝謝兩位的招待,要想打好籃球
"跟我濂僑一起妙手走天下 絕對錯不了
那你能不能安排一趟果園之旅呢
今天就要介紹一個可以享受採果樂趣的農園
",所以我們使用這個水耕點滴式栽培,它不能使用剪刀,從它那個果實上方一公分的節,我是第一次來採番茄,是什麼樣的農園呢,那我們採收番茄
"請鄭組長來說一說 公部門為了推行無障礙環 做了哪些事情呢
我們大概第一個就是
",我們依照身心障礙保護法第五十六條,帶一個完全沒有行動能力的腦麻患者出門,我一直安慰她說沒關係,他們還要忍受一般民眾那種異樣的眼光,這些是我們所樂於見到的嗎,但是從畫中色彩繽紛的花卉
"考試交白卷這樣叫誠實啊 你有沒有羞恥心啊
不然你要我怎麼樣 作弊你會比較高興嗎
這是你跟老師說話的態度嗎 一點家教都沒有
",你爸爸他沒良心 他在外面有了女朋友,好現在跟著老師呢 把這一課的課文念一遍,碧珊今天沒有來是不是有什麼事,簡直就是小太妹嘛 我們以後要跟她保持距離才好,碰到不會寫的題目 至少要填個答案上去,你罵夠了沒啊 考零分就考零分 你憑什麼罵我沒家教
"總算考完了 還好你臨時幫我惡補 我這次寫得非常順
你怎麼啦 你應該考得很好吧
",另外甲醛就像我們喝的假酒,我們公賣局不能夠太保守,這幾年台灣的氣候,我在想如果那天我沒有傳紙條給你 今天就不用再考一次了,我過去閃靈刷手的習慣都改掉了,因為不見得每個地方
"不知道有沒有興趣 在演藝圈發展
我當然有興趣啊 不過我是一個很有原則的人
",我只唱我喜歡的歌,我是覺得做明星沒有那麼容易,除了條件好,機會也很重要,不是像你唱的那樣,不顧一切地一頭栽進去
"豆油伯 你怎麼有那麼多錢 你在藏私房錢對不對
",沒有 這不是私房錢 這本來就是要拿去郵局存的,要是不趕快存起來 到時候一定會露出馬腳的,明天再拿去寄不就得了嗎,都已經快六點了 人家下班了啦,我明明放在這裡沒錯啊,不然我這杯咖啡請你喝啦
"誰叫你是瘋狂百米小兵啊 這種要體力要速度的 當然是要你啊
我剛剛在拿這個麥克風 到處廣播的時候啊 我覺得這樣做 實在是很沒有效率耶
",他曾經做過金氏世界記錄最長的風箏喔,於是聰明的我 就想到了一個方法,宇宙無敵最會做風箏的那個,剛剛那邊好多風箏喔,對啊這應該不大可能吧,這一次就由我親自出馬
"我做錯什麼 為什麼要這樣對我
羽君 剛才一定是個誤會 大家解釋清楚就沒事了 你不要難過嘛
",看起來這麼高貴的陳媽媽 居然曾經是個犯人,大概是淋了雨感冒 加上情緒不穩定 所以她不肯到學校來,這個橡皮圈太細了吧,這回咱們就大膽的 倒入一倍的液態氮吧,這不是誤會 是歧視 是成見,製作材質不一 承受壓力的程度也不同
"阿嬤 你現在要去哪裡
要去樓上啊
要去做什麼
",她常常一連幾天沒睡覺,廟裡的人形容阿嬤是獨行俠,要去工作啊,但是就是腳步不能停,我讓你們拍一下,這個是土地公幫忙的
"聽說你們兩個很厲害 有那種很酷的發明
還好啦 但是發明倒是有 滿地都是
",就把我們車子給毀了,本來是白馬王子 到後來就變成包青天了,那跟我們分享一下吧,其實大部分都是溝通的誤會所造成的,你看 它會自己滾回去,她在工作上很夠專業
"輝哥你幫我看一下 我做的這張海報怎麼樣
地點跟時間都很清楚 內容也蠻豐富的 可是
",如果可以把我們這個 下課花路米的隊徽加上去的話 我覺得這樣會更好一點,誰叫你是瘋狂百米小兵啊,如果我們把材料換一下呢,到處廣播的時候啊 我覺得這樣做 實在是很沒有效率耶,他曾經做過金氏世界記錄最長的風箏喔,於是聰明的我 就想到了一個方法
"卻選擇在不到三十歲的時候 拋棄了自己的家庭 當時他的兩個小孩都不到五歲
我是被逼的啊
",個性比較寡言木訥的珮華,應該也猜不到就不猜了,我是被我的父母逼的,並沒有給答案,倒是友志很有系統的,綜合了大家的意見
"臉上就明明寫著不開心 你到底怎麼了嗎
你要我講什麼 我就是不開心
不開心也總有個原因 你就告訴媽媽
",我不是來興師問罪的,紀老師啊 實在真的很對不起,她回到家都悶悶不樂的,可是她到了學校 這樣畏畏縮縮的,芳儀她的個性是有柔弱一點,講有什麼用 說不定還被你唸
"他只是個沉迷嘻哈音樂的少年 一聽到嘻哈音樂 就忍不住想跳舞
",人類歷史上最屎爛最刺激,最霸道的嘻哈戰爭,已經進入到高潮,將有一個人會幹掉其他人,一跳舞身體就停不下來,並代表台灣
"哦妳還在生氣喔 好啦以後我不去了啦
當初媒人說你不喝不賭 我以為你是可以讓我依靠一輩子的人
",阿蘭還沒和海生結婚之前在台北工作過,你若不讓他出來小孩子不就沒事,長得好看的人做不了什麼事,好啦好啦不然我發誓 我絕對不再賭了,沒有啦以前我老爸是拳頭師父啦,王祿仔 這時候很少有人來擺王祿仔
"楊伯伯 你們對淑怡的未來有什麼打算沒有
這樣呢 我們就是希望她的畫藝能夠更進步
",我們希望說也趕快把它改過來,鄭組長講的這個,我們都一直在推動,政府也一直在推動,但是有些不合時宜的法規,生活可以更穩定
"小兵哥哥 你要不要綁綁看
我可以綁是不是
",那個看起來更刺激,所以人和馬一起共同的努力 這樣才能拿到好成績嘛,所以上馬是沒有問題的,可以啊,每個人都可以有他自己的想法呀,你願不願意跟老師談談
"我覺得我什麼事情都做不好 常常都惹同學生氣
怎麼會呢
",我們都會犯錯,你做事情認真,那種堅持到底不服輸的精神 老師常常看了都很感動,我每次都想做好 可是常常出錯 同學都不喜歡我,洪震 好勇敢喔,你只要保持自己這些優點 做自己才是最重要的
"警察叔叔你拿這是什麼
",增長見識一番,幫你介紹一下 這就是鐵樹的花,是新的東里火車站,鐵道已經生鏽,對火車的一切,設立於西元一九○○年
"你有買零食喔 那我也要吃
",名額已經滿了,那我也要去,不行啦 這個是我下禮拜去露營要帶的,你要去露營啊,你是誰啊,你怎麼會問我這個問題
"那你從幾歲的時候開始在學做打鐵
",客人最好是有日本淵源的,你在做什麼,初級中學畢業就開始做,全部的人都到齊了只缺主角,他原本是個威武雄壯的軍人,它大概有一百三十歲左右
"小光來 爸餵你
海生仔你這樣在幹什麼 餵小孩讓阿蘭餵就好
",所有的漁村我都找遍了,假如說肚子疼不可貼肚臍,你們看那王祿仔怎麼了雨這麼大怎麼不避雨,老闆再炒二盤菜來 這兩個不夠看,吃飯皇帝大你站起來幹嘛,我以為我沒機會再見到妳了
"很討厭耶 那麼甜蜜幹嘛
你嫉妒人家喔
",我覺得有點喘不過氣來,珍妮說說看,青蘋果的滋味,我才不是嫉妒呢,去享受採果的樂趣,我們單車騎士騎乘的水泥路
"那你為什麼喜歡來這裡
",因為這裡很多朋友,我媽媽說她在上班,學校老師請阿嬤幫忙的,這群可愛的小朋友 就是阿嬤的寶貝孫,每天一定幫大家準備點心,外面的都有發粉的味道
"你什麼星座
射手 你呢
",處女,我不見得知道,這是很自然的嘛,這個回答非常好,活到現在為止是這種狀態,他很皮啊
"我爸爸很喜歡一邊看電視一邊挖鼻孔
",找不到好的角度切入,髒死了你爸真的都這樣做喔,拜託教我怎麼寫,冰箱裡有水果 拿去吃,上網查就可以找到答案了,急救箱放在哪裡
"我不想讓同學知道我爸爸坐過牢 很丟臉耶
奕瑄 你怎麼可以這樣講話 這樣很沒有禮貌耶
",你懂不懂得餐桌禮貌,你的禮貌可多著呢,既抽菸又亂丟垃圾又沒禮貌,反正 你叫爸不要再來學校接我就對了啦,這可是公共場合喔 你可不要 讓他們再相互餵食喔 這很沒禮貌的,大家要注意選舉應有的禮貌
"請問鍾沅搬走了嗎
對呀
",怎麼不先躲一下呢,這恐怕才是我真正擺不平的吧,老師 好久不見了,不曉得耶,失去鍾沅的那一年 我幾乎崩潰,她搬去哪你知不知道
"你做這陶土做多久啦 怎麼這麼快啊
",他們可以留一些回憶,我剛剛在外面有看到耶,可是你已經做得很可愛了,做差不多三年,你不要取笑他,因為都是自己做的東西嘛
"來 你幫他登記一下
阿輝 不好意思 你這是別的郵局開戶的 我們這裡不能存喔
一樣都是台灣郵局的 為什麼不行
",因為我們這裡都用手工的,沒有休假那我們就照開,這就是我覺得很特別 有那種人情味的地方,因為我們這行動郵局只限於在這裡開戶的 才可以在這裡存,其他郵局開戶的也不行,麻煩我幫他存這五千塊
"你們剛剛有聲音嗎
當然有
",可是我那邊完全什麼都聽不到,當然牠的構造上面 跟我們也不太一樣,這狗的聽力怎麼那麼好啊,狗狗天生就有一副好耳朵,所以咱們蔓蔓沒聽到聲音也是應該的啦,你怎麼那麼聰明啊
"來信真的是太踴躍了
當然 應該說是我很有魅力 不然怎麼都指名要我幫忙
很多人被你的外表騙了 其實論功力來講 我仍凌駕在你之上
",聽你亂說 你真的是會吹牛,我的服務對象是擅長編織中國結的邱惠群小姐,因為即將過年 店裡面準備大掃除,第一次為聾朋友服務 我好緊張,為了贏得勝利 我一定要盡全力衝刺,何況我還沒有見過她
"可是滅火器 基本上它不是因為美觀的時候才要用 滅火器是在你面對到災害的時候
",是辛苦存了多年買下來的,他們很珍惜,除了這些用心的佈置,你方便用,能讓這個家不但漂亮,但願今天的防災突擊
"你是說只要我在外型上做改變 就可以化解了嗎
",多少有點幫助吧,你的臉色很難看耶,物超所值耶,送她去保健室,看來最近大家對算命這件事情 挺熱中的喔,民國幾年幾月出生
"不覺得我們相處時間太多了
失去很多和其他同學相處的機會
我做錯什麼
",絕對錯不了,沒有啊 你沒有做錯什麼,會想請誰來吃晚餐呢,是我的姊姊幫我報名的,叫做掃叭隧道,你會一點點手語耶
"我覺得你們好棒喔 就是小小年紀可是對哈瑪星這個地區這麼瞭解
你們是透過什麼方式來認識這個地方的
",媽在旁邊指導你可不可以,我們在民國五十年代六十年代,但是我對她還是好奇心蠻大的,小站小站每一站的車票嘛,學校都會有社區巡禮都會來到處參觀,那也是用這個原理
"他當初的出發點 也是為了我們 為了這個家 不是嗎
就算他是為了我們這個家 他也不能做違法的事啊
",你要選里長嗎,奕瑄 你說的沒有錯 可是你爸爸為他做的錯事 也付出了代價 不是嗎,那里長伯幹嘛要抗議啊,就像我們這個萬里長城,我是里長嬸,亂開玩笑是要付出代價的
"你要幫我帶一包東西 去給吳佩珊同學
好 沒問題 那吳佩珊是誰
",她是台大的學生 她專門在研究神秘果這樣,那是不是有機會可以讓我採一些回去,那吃了這個神秘果 是不是以後吃酸的都變甜的,譬如說糖尿病患者 他對那個糖分的吸收比較不好,它會把你的酸的味蕾鎖起來 甜的打開,你看 我都沒有很酸的表情
"海浪大的時候 海浪就會翻動比較大的礫石 把海底的礫石給沖上岸
",整個比賽場地我都去看過了,它就變成礫石灘了,所以我們把它阻擋下來,又怪我們,你們要去跳這個撐竿跳,在台灣裡面有三個地方有
"它的手還會動耶 有沒有 很可愛
對啊 可愛是很可愛啦 但是對於我們男孩子來講
",這個好像太平淡了一點嘛,然後又坐在這種戶外,我在做環保玩具啊,我才不怕呢,也可以動動手喔,不用花到一毛錢
"你那個水分要不要多一點 你那個根本就沒有水分
我放了啦
那麼少的水分 等一下要加米酒不是嗎
",為什麼螃蟹的眼睛 沒有人在吃啊,所以你要把這個也當成 工作的一部分,它比一塊錢還要小耶,你一個月花這麼多錢 你錢從哪裡來的,這蘋果聞起來好香喔,你要加米酒 你也是可以放水多一點
"我跟大家補充一下 寇家瑞先生是寇世勳先生的兒子
對 可是很不像你有沒有覺得
",所以我才說我要補充一下 要不然大家沒有辦法聯想,的身體的手腳這麼長耶,我已經忘記他幾公分,那家瑞有一個孩子臉 就是非常孩子氣,然後我這次也覺得 佳穎進步好多,他不是那種性格派 他就是一個孩子氣
"你到底有沒有去看醫生啊
感冒啦 過兩天就好了
",多尊重我一些意見,你還逞強 看你咳成這樣子 感冒可是不能拖的,我們應該可以更好相處吧,你看你自己這個樣子 簡直未老先衰啊,但是我就是憋不住,別說什麼年輕體力好 再好的身體也吃不消
"陳韋辰 你沒事吧
沒關係
不舒服就不要跑 我幫你跟老師講
",那什麼才叫真的算命呢,不要啦,誰稀罕當女總統啊,你是什麼座的啊,你不是不相信連娟微嗎 怎麼也跟著排起隊來啦,餓上三天 鐵人都會掛
"開始搬東西 師母開車
師母怎樣
",就覺得說這師母會不會太厲害,最後有一天 我們的製作人黃玉明跟我說 你知道嗎 師母是政大畢業的,台灣有時候就是這樣子 處處讓你感動跟驚喜,好厲害喔,對 這種堅持 這種相處,那一步轉身過來的時候 是什麼樣的人生
"我覺得很好
所以自己給自己打幾分
",一百分,這年頭企業要經營形象真不簡單,大家在罵的事情都差不多,我是腫瘤科醫師,兩種說法都同樣的糟糕,靠讀書填滿人生的人 很難理解
"我還以為是什麼新奇的玩具 原來是我小時候就玩過的扯鈴
",星期的手語我現在要教囉,你剛剛才跟我說 作業不都是你自己寫完的嗎,另外一個比法是在手錶的位置,星期六早上八點半集合的時候 記得喔 把英文作業帶來 借我觀摩觀摩一下,對啊 有沒有很羨慕呢,我跟你說 你不要小看這個扯鈴 這可是曾經讓外國人 都很著迷的國寶玩具
"不要一直逼我背台詞 我的腦筋不好
濂僑 全天下人都知道 濂僑你是NG大王
",像戴老師這麼傑出,把這個家園蓋起來,人家當然要緊盯著你練習是啊,後來以跳舞才走出另一片天,他也說我手上沒有什麼錢,一起來欣賞吧
"她媽媽曾經是個犯人喔
看不出來 真的被她騙了
她到底犯了什麼罪 為什麼會去坐牢呢
",下一次說話要考慮 不要傷了別人 再來道歉,你還在生我的氣啊,我沒看到前面的報導 只知道她曾經坐牢就對了,算你們還有一點良心,可不可以請你幫我們 轉交這張卡片給陳羽君,你們自己做錯了 還推卸責任
"少瑄為了主奏 陷害李芯
怎麼這樣 她們不是很好的朋友嗎
太可怕了 沒想到少瑄竟是這種人
",反正我只是個候補,比較沒關係啦,你們好厲害喔,我沒有這個能力,因為我受傷的事情只有告訴她,看來要多提防她了
"你幹嘛推我啦 弄破了
是小中絆倒我的
",市面上有很多黑心的化妝品,不是我啦,我們來做個實驗,來 我們來好好練一下,你沒有看過布袋戲嗎,要先吃葡萄柚
"驚心動魄的滴血認親情節 宮中貴妃被皇后誣陷與太醫有染 指出所生的皇子
",是要做什麼實驗呢,特別準備了石斑還有龍蝦,你看看主任對我們倆有多好,知道我們剛剛抽完血,身體可能有一點點虛,並非是皇上的龍種
"其實你跟她也很熟啊 她就是知名的廣播主持人 劉麗紅
",這大家應該就不知道了吧,但是她是如何從一個自卑自憐 痛苦矛盾的女孩,劉麗紅的人生故事嗎,原來是她啊,不過你知道嗎,她是劉麗紅
"她要求我讓她到班上 向各位同學道歉
老師 陳媽媽又沒有做錯事 為什麼要向我們道歉
",不過最重要的 還是要把自己的心理建設好 以平常心去面對,我也是這麼覺得 所以我拒絕她了,她到底犯過什麼罪呀,只要你肯原諒媽媽 媽可以做任何事來補償你,你感冒好了嗎,你早把事情說清楚 不就沒有這種情況了
"面對這五花八門的小技倆
",你能瞧出箇中奧妙嗎,獲選之後當然是很開心囉,可不可以先跟觀眾朋友們問聲好啊,他就是我們今天的主角,踏實的一步一步往前走,你不要取笑人家了啦
"我是說加上這個月的零用錢 剛好存夠四千多塊啦
是這樣 那你存了多久 你該不會是偷你媽的錢 來買的吧
你說那什麼鬼話
",幹嘛要這樣,反正你球打得那麼好,老師一定會選你參加比賽的,我像是會偷錢的人嗎,這就是你的球技,不如我的原因了
"我覺得不公平 我們都贏不了男生 但老師卻說訣竅在以柔克剛
",對消費者都不公平,這個遊戲最重要的就是 不能靠蠻力 要靠這個 來出奇制勝啊,訣竅只有一個,沒關係 大家公平競爭嘛,任何比賽都是公平的,對誰都不公平
"認識的同學我都打過啦
同學都說他下了課之後就回家了 奇怪
我去公園球場看看好了
",你現在才十四歲,那為什麼曾建勝跟王柏翰他們就有,要手機做什麼啊,那我去網咖看看好了,別人家的事情我管不著,不要學著流行
"阿爸阿蘭身體本來就不太好 她又很怕生啊
再怎樣她也要來廟裡拜一下 人家說有燒香有保佑咱討海人靠海吃飯
",總共我才看你輸不到五百元怎麼沒錢了,好啦阿爸 人少的時候我再帶阿蘭來燒香啦,當初媒人說你不喝不賭,我姓蕭 蕭先生,什麼怪水 以前一直說這是毒龍潭,先別急 這個情況是這樣子 我也不知道
"不好意思喔 這樣子麻煩你們 真的不好意思
",上次教你幾道菜 今天輪你下廚,現在時間很晚了 我先送你回家,辦法我已經想好了,沒事 只是膝蓋有點痛啦,對於這樣的成績 你們滿意嗎,不要這麼說啦 我也有責任
"為什麼不給牠做成圓的
因為做成圓的話
",那我們這個步驟做完了,接下來咧,接下來就是要用清水把它沖乾淨,沖乾淨以後,我們再把它晾乾,我們要處理起來很麻煩
"不過這個本氏液是幹嘛用的
你不知道喔
來 小中解釋給他聽
",先喝檸檬酸它本來的味道 證明它本來是酸的,可是要把這麼小的細胞切成兩半 過程很複雜也很專業,沒問題 看我的秘密檔案 本氏液它是藍色的液體 它是醣的指示劑,所以我們在這邊 準備了三支的試管,會讓我有那種有為者 亦若是的雄心,今天我們就要來實驗看看 神秘果裡面到底含有什麼樣的成分
"你是說我這一生 戀愛婚姻都不可能會幸福啊
",天下沒有不勞而獲的事,這本來就是我們當老師 應該要做的啊,拜託你不要那麼全心的投入好不好,你這禮拜遲到多少次了,幫我算一下我今天的考運是怎樣,不是我說的 命盤是這樣顯示的
"第一類在這裡 這三個大概是對
",不可以說大概 要確定是對 一定是對,所以老師妳是不反對我參加龍隊了,我反對,大概是我比較笨啦,我也不會堅持反對你去念高職,不過其實慧玲她是一直反對的
"我本來想要參加徵文比賽的 結果這個題目是我的家庭 要怎麼寫啊
拜託好不好 像這種老掉牙的題目 從小到大我們不知道寫多少遍
對啊這樣你還寫不出來喔
",難怪在日本會大受歡迎,再也不用擔心因為流汗而看起來狼狽不堪了,我的夢想遙不可及,就是寫太多遍 寫到最後我現在都沒感覺了,你都灌什麼防毒軟體阿,這本武俠小說劇情太精彩了
"老師 我怕我做不好
",他還曾經跟我講說,就算漁民們使用百萬分之一微量濃度的吊白塊,看是see過去看是saw,而且到現在活得很健康,你放心 有這麼多幫手在 老師對你的才藝有信心好不好,是這個地區很具代表性的西子灣
"是梁老師私底下把你那幅綠島風情畫 寄去比賽的
為什麼
",這是我的努力 我的夢想,現在我們就請校長頒發 我們請陳妍如同學上台領獎,你的優異表現 是我們綠島國中的光榮,媽 你怎麼來了,因為我們覺得 既然你那麼有畫畫的天分跟才華 就應該接受各種公正客觀的肯定,看著妍如與她媽媽相擁而泣的情景 心裡的感動真是無法言喻
"第一關實習要跟的是外科 特地請了外科主任一起來吃飯
",你這個人就是心太軟了 喜歡幫助別人,如果我不去就不夠朋友 對不對啊,老師不是說 同學應該要互相幫忙的嗎,真的嗎 心臟外科主任 他是我的偶像耶,只要不逼我寫作業 什麼都好,我們倆教了一連串的手語 現在先來練習 關於外科的手語對話
"原來是這樣啊 難怪她一直跟我收利息 我還一直賒帳跟她買東西 真的很不好意思
沒有關係 老師知道你是無心的
",妍如她會特別計較金錢 那是有原因的,老師 我下次跟她買東西 一定不會再賒帳,所以這些錢 是她們自己光明正大賺回來的,鈺婷 你說的話說到要做到,好了我們開始上課,老師 謝謝你來看我
"你有想過去流浪嗎
好像有過吧
阿明
",可是,可是究竟什麼東西,你愛上我了對不對,不是丟了什麼東西,我就是想不起來,我想去流浪
"你們到底要借竹竿做什麼
我們要比賽 撐竿跳
你是說真的還是假的
",當那個讀書會主持人嘛,直接騎用馬達的,當然是真的啊,有沒有什麼好玩的,底下這個很深,潮濕就會有很多的水蛭
"沒有人知道這件事 可是我自己就這樣臉紅到不行 覺得丟臉
可是你父親 母親 知道這件事嗎
不知道他們也不知道 都不知道
",就是上禮拜穿過的衣服,那正好當時的青蛙王子高凌風 他要出唱片,所以你的人生經歷 是非常豐富的,那不是鹽啦,所以吃的東西如果想要保存久一點,這樣的話放了很久也不會壞
"我就簡短的回答
",而自己沒有媽媽,可能一時不適應,因為也不想多說什麼,孩子還在念書的時候,都是需要我來做,他們都會一直講
"涂先生 那一次養那麼多的蠶 平常要怎麼照顧牠們啊
我們只有餵桑葉給牠吃就可以了 現在正在牠要餵食的時間
",我今天來這邊就是想要學怎麼做蠶絲被,那可以請你帶我去參觀嗎,那我們就一起過去吧,真的嗎,那我們趕快餵牠吃,真的
"你怎麼能把自己弄成這樣
",我有怎麼樣嗎,課本拿出來,筆電很貴耶,我不捐錢,沒機會了,一定會感覺很窩心
"那可不可以用一些科學的實驗 或者是原理去驗證它呢
",謝謝你 怎麼對我們那麼好,你祖媽咳到快死了你還不醒 枉費我做你老婆做這麼多年,省錢是幼華換東西 最主要的目的,太極拳的一個原理 當然是可以用科學的方法 來驗證它,我如果不說 你絕對不瞭解,很多人都反映 聽不懂柯委員在說什麼
"就是這位單親爸爸他因為絕望 打算抱著女兒 要從天橋上跳下去
",真讓人心疼啊,真的非常普遍,改編自真實社會新聞的電影,國內有一部,在艱困的環境下如何互相扶持,我記得其中有一幕
"山水還有一個很著名的風味食材 你知道是什麼嗎
提示一下嘛
風
",先往左邊 然後再往右邊,好山 好水 好風光,現在有三百多隻了,沒辦法組一隊,風 風箏,我要先離開耶
"我也知道則緯 是因為喜歡我才這樣做 但是我真的只是把他當成好同學而已
",我不想跟他們糾纏,這樣以後你們更少見面,你喔 皮就繃緊一點,人家孩子在開玩笑 你當作真的啊,那你就應該直接拒絕他啊,有這麼誇張嗎 我有二十次沒跟你們逛到街喔
"一手交錢 一手交貨 五十元先拿來
我忘記帶了嘛 先欠一下又不會怎樣 我明天再還你
",我是那種人嗎,這貝殼好特別 好可愛喔,不行 你每次都說明天,難道溝通不了,親兄弟都要明算帳了,你一定覺得媽媽很難溝通
"鄭永銘老師執教物理二十七年
最擅長將枯燥難懂的科學
",改變了您的一生,化為神奇有趣的魔術,那接下來 你要帶我們去哪裡玩呢,這國內國外走南闖北的,可是渡邊他是日本人,豐年祭的時候才穿 比較慎重
"我用腳踢或是我用拳頭打 可不可以
",這要兩腳要跟肩同寬,你就儘量能蹲低防守就儘量,先三點著地就輸了,會長有跟我推薦了兩位高手要來幫我忙,這一連串的體力考驗 真的是讓我有點吃不消,不行 那完全犯規 你不能去攻擊人家
"我看別說什麼奧運金牌 黑帶可能都有問題 我大概只要能往上升一級 我就要偷笑了
",不會啦 學習任何的武術 要有努力才會有收穫,既然已經掌握到擊破木板 快狠猛準的四個訣竅 現在就換我來試試看囉,我可以這樣擊破木板 是因為有教練在旁邊監督指導我 你們在家可千萬不要偷學喔,看到沒有 我就是快狠猛 但是不準,同學們怎麼都那麼厲害啊 有沒有什麼擊破木板的秘訣,我今天把大家請來 是想表演一小段簡單的跆拳道
"詠真為什麼不直接告訴我 她不喜歡我 還讓我這樣一頭熱的為她做那麼多事
",讓風痴笑我不能拒絕,委婉的拒絕人家就好了嘛,你呀根本無法拒絕美食嘛,我們可以拒絕採訪的權利,你要不要試試看拒絕,她有拒絕過你啊 只是你沒有聽進去
"思卉 你晚上有沒有要去哪裡
晚上啊 我應該會去阿輝那兒吧 你要跟我一起去嗎
",我覺得她蠻有這方面的天分的,好 我們開始上課,妍如 你真的很愛錢,不然老師 算你五折就好了,好啊 最近真是太忙了,妍如 你這麼厲害 還會設計啊
"蟑螂丟到可樂裡 會被腐蝕光光啊 天天喝小心你的胃
",你不要危言聳聽了好不好,我要走囉,禮拜六還要用呢,她真掃興,正好拿可樂來把它刮一刮,你不要再強詞奪理啦
"濂僑 那你有什麼夢想 夢想實現了沒有呢
",手語有兩個比法喔,應該就是英文了吧,我的夢想 是希望以後可以成為一位 手語界的名師 你呢,而且我那個電視 一定會選比較螢幕大的 這個對我來看會方便,我們得ABCD 一個字母一個字母的死背單字 很辛苦,每個人心中都會有不同的夢想
"你知不知道這附近有一間招待所
招待所就是這片樹林後面有一棟日本房子
",我看不用了吧,留下來的藏寶圖,就住在這附近,全部的人都到齊了只缺主角,這裡是桃園縣龍潭鄉的觀光大池,你說那間鬼屋喔
"為什麼我們都看不到扁柏的神木
",松樹柏樹這都很長壽啊,因為它在過去有一段慘痛的遭遇,你帶我去看哪裡有紙,那這些都是扁柏囉,現在我來考考你,資料一定很豐富
"是妳自己放棄的好不好
",先知是孤獨的,相中網紅是因為網紅自己會有大量的粉絲背景,想到夏天就想到蚊子,健身房放的歌很單調 就是那幾首英文歌在循環,妳以為我願意啊,今天的天氣真熱
"你們怎麼這樣子 拿一個望遠鏡在偷窺我哦 沒禮貌
這望遠鏡哪是用來偷窺的 這用來觀察星星的好不好
 觀察什麼星星
",你不知道最近有那個土星大接近嗎,最近這一陣子是三十幾年來,趕快趁現在看才來得及,比方說太陽只是其中的一顆,也是可以看別的星星的啦,你在笑什麼啊
"你說我該怎麼辦嘛
你怎麼可以做這樣的事情
",要不然你要我怎麼辦,補習班下課了,我小孩也在這附近補習耶,補習費很貴吧,貴不貴啊,蠻貴的
"姊姊知道蔡依林嗎
我不知道
不知道
",可是你工作很忙啊,你要把我害死,他還有全家人的衣服要洗,他學會承擔,你這個不利啦,是喔 那姊姊知道周杰倫嗎
"那你想蓋什麼樣的學校
",小朋友現在正在很快樂的學習啊,小朋友要自己製造自己的家啊,同學很幸福,這邊怎麼會有個洞啊,很多人住在很遠的地方,我想要有一面很大很大的牆壁
"暑假快要結束了 你幫你的小孩做了什麼樣的暑期規劃啊
在他們還沒有放暑假之前 早就計劃好了
",廉航機票便宜，是不少人的選擇,我肯定會讓妳後悔,該公司研發了一款員工管理軟體系統,那你們知不知道有一個暑期的 兒童戲劇課程的活動啊,那首歌真的超好聽的,今晚要去餐廳吃飯
"這大概就是我唯一會在外面 用餐的機會 主要目的就是要介紹一個
",特別的東西給外國人,然後躺在床上聽音樂,幼華在其中換到了生活樂趣,廚房就會變得很熱鬧,以為房間有十幾個人,我打不過狼人耶
"快睡著了
快睡著了喔
",馬可多發現事情大條了,對啊昨天晚上沒睡,完全嗅不出緊張的氣氛,他就一定會做到,這樣比較方便啊,我把這些弄下去蒸
"我記得有一次 孩子打電話跟爸爸說 我考到大學了
",就是這樣,所以讓我很放心,他也非常的努力讓你安心,想再請問士真,你陪著孩子一起長大,可是爸爸沒有回應他
"濂僑 你念中學的時候 最拿手的是哪個科目 最不拿手的又是哪個科目
",我有一個好朋友  連我都看不下去了 只好很雞婆的 每次都幫他拒絕別人,真是皇帝不急 急死太監,這段描述在校園中 常發生的濫好人橋段吧,我想想啊 我覺得我對數學很有興趣,沒關係 先進去再問問看好了,我可是射擊比賽第一名呢
"妳希望自己考上哪所大學 對自己未來的期望是什麼呢
",請介紹一下這本月刊的內容 還有妳編這份刊物的感想,我希望考上師範大學 然後用我四年的時間 在裡面好好的學習很多東西,你作業寫不完 一定很著急吧,台灣大學是台灣首屈一指的大學,如果身體裡面出了毛病 要去看哪一科呢,今天天氣很不錯 可以去外面兜兜風
"醫生 病人怎麼樣啦
",爸爸他被機車撞到,我已經跟學校請過假了,醫師 謝謝你喔,病人現在已經沒什麼大礙 只需要住院觀察幾天,我學校還有事 我不吃早餐了,可是你都不知道 他現在超會念的
"你們家屬同意書 手術同意書填好了嗎 可是他奶奶我們還沒找到呀
",你剛不是去打電話,家屬先在外面等一下,你去問一下四毛,安安想先走他要回去上課,我們代簽可以嗎,你那麼兇幹嘛
"我是不是要這樣 一直翻一直翻這樣子
",那個是我們常看到的麻雀嘛,它感覺很像那種電磁爐的感覺,可能又會被海關多罰錢,是不用這樣啦 差不多兩小時翻一次啦,不知道有沒有可以隨身攜帶的迷你手推車呢,這樣的設計真的有體貼到啦
"其實我真正想讀的是餐飲科 每次看到烹飪的書就會很有精神
",不喜歡被電的感覺,好啊 如果你沒辦法趕上我 那乾脆我考差一點跟你一起去讀職校好了,你說現在外面搞樂團的人,所以這樣整個看起來,看得到還是看不到,賈晨舒琪她們兩個怎麼了
"現在 還有車子去瀘沽湖嗎
",我們這裡沒什麼好吃的,沒有車了,誰說我結婚啦,我是個快遞員,我終於找到工作了,我爸媽就是因為第三者而離婚的
"你要學起來喔
好 我要拿這個打天下
",你要學得像喔 學不像你就完蛋了我跟你講,八戒 為師不是告誡過你 不是屬於自己的東西 不能隨便佔為己有嗎,他們很多來應徵的時候 都不是自己一個人來,我爸因為工作的關係 常常都不會在家,所以你只要種下這五顆種子 就會長出宇宙,凡是具有歷史文化意義的語言 都值得我們去推廣
"奶奶 你在這個眷村 有沒有什麼最難忘的生活
",在下沒齒難忘,夠了好不好越說越煩 你能不能說點好聽的,我沒有千里眼或順風耳 可以把這個蘭陽平原上的宜蘭 一次看透透,因為我們現在的電視 都充滿了那些奇怪的那些新聞,交給天公伯做主,我最難忘的就是鄰居 大家出來聊天
"我想要請假
你要請多久啊
",事實就是這個樣子,不然鐵定又會遲到,妳要不要上來坐一下,一個禮拜,這樣我們再下一盤好不好,看到那封信 我自己也要流眼淚了
"我問你 當初你怎麼會喜歡做中國結呢
",誰叫她是老前輩 只好乖一點了,現在這景氣不好,我是從國中的時候開始學的 從此就產生興趣了,牆上這麼多的中國結 都是你編的,沒興趣我也就沒辦法了,例如以前我就去啟聰協會教過中國結
"那新的一年你有什麼新希望啊
",轉眼又要過元宵節了,我希望世界和平不要再有戰亂,乾脆今天我們就請「聽聽看」的主持群,有什麼好洗的啊,你不要取笑人家了啦,我是曉書
"我覺得這個媳婦很好啊 超好的啦 超好的
哪裡好
",爸爸會管牠而已,什麼都好,那我會打瞌睡耶,倒一杯給你媽媽喝,今天晚上特別買的,等一下我放給你看
"我們只是利用這個圖片 來引發內在的情緒 去讓創作者去投射他的感覺
",王大姊的手藝真厲害,到底發生什麼事啊,許多比賽項目,因為這些感覺有時候可能很難說得清楚,每一位都是水中的蛟龍,以後就沒辦法跑了
"這枝筆桿啊 全部都是K金做的 漂亮吧
真的好漂亮喔 你爸爸怎麼捨得給你啊
",你媽媽打過電話給老師,你們這樣對待她 太過分了,這次段考我進步很多 我爸爸給我的獎品,我才不來受氣呢,我們要向羽君道歉,我們並不強調指拼法的這個部分
"你看我的 我的這樣隨便這樣一放 它就飛上去啦
怎麼會這樣
",這一個點就是重心的點的位置,可以把那個圖案畫上去了,我也不知道 它就是飛不起來,講我你自己呢 整天整夜的不在家,怎麼可以用這種態度對待長輩呢 你這到底是跟誰過不去,換作我們任何一位老師 都很難心平氣和
"依君我有禮物要送給你
",以後沒有交作業只要這樣 應一聲就可以打混過去了,這份禮物是跟老師賠罪的,對不起我不是故意的,好 這個就是我們今天比較級的用法,有餅乾吃我也要吃,真的嗎 什麼禮物
"流傳的滴血認親 卻有另一番註解 不僅認為滴血認親不可靠 甚至說出只要血型相同
",血液就會溶合,那我們首先要讓魚安定,眼見黃同學讓石斑魚安定後,再用針管抽取魚兒的尾靜脈血液,看來魚兒抽出的血,和我們人血差不多呢
"開玩笑我自己喝飽回來就好 我幹嘛還帶回來給你們喝
",我們下課花路米探索的精神,我從小就在這裡長大的,冷冷的泉就是冷泉啊,怪水什麼怪水,以前一直說這是毒龍潭,你怎麼這樣子啊 小氣
"現在先請老師 給我們博愛國小分數 請舉牌
",扣掉的分數 加起來比我們得的分數還要多,五分 四分 五分 總分十四分 恭喜你們 博愛國小,對分數這麼有興趣啊,而分數跟結果不一定是最重要的,我反對,分數不是那麼重要的
"賢賢 聽你這麼講 就知道你一定沒有坐過阿里山火車是嗎
我是真的沒有坐過 難道你們都有坐過嗎
",有啊 我有坐過,豆油伯說他們幾個都是鐵道迷,那種感覺很好耶,賢賢 你在看什麼啊,應該算是順道拜訪吧,賢賢 你們在說什麼鹽田
"妳今天幹嘛吃那麼多肉啊
",這個看似鐵餅的東西其實是拖板,這種有序的結構本身違反熱力學第二定律,錄音室消毒殺菌 以防遭傳染,淡雅的味道也讓醬油有發揮的空間,這些年來經濟成長率提升,我明天就不能吃啦
"所有的科目我都幫你整理在筆記本裡了 而且我都做好標記分類
你花多久的時間整理的
",這個你不要管 只要讓你有好成績花多少時間我都願意,我已經沒有法寶了,因為這聲音是以前的聲音,握刀一定要先這樣子,當初我只是想要幫舒琪,代表的這是一個公司的代號
"每逢年底 聖誕佳節的前夕 他會裝扮成耶誕老公公 幫忙募款
",作為照顧身心障礙朋友的經費,那個直升機這樣轉,仍然賣力的推輪椅,繼續坐著輪椅闖關,這樣的結果出乎意料之外,有人容易緊張
"怎麼樣 可以動嗎
我小心一點應該可以啦
怎麼打個球打成這樣子嘛
",你們也不分青紅皂白 就誤會陳羽君,希望她早一點回來上課,簡直是模範母親,算你們還有一點良心,對 我們要丟掉過去的陰影 向前看,只是扭到擦傷而已 您不用大驚小怪啦
"你看他們的婚姻 你覺得好嗎
不一定都不好
",高齡七十八的阿嬤 堪稱小朋友殺手,從小一起長大的妹妹也不知道,讓大家吐露心聲的絕佳美味,有三個小孩的陳綢阿嬤,一定有好的啊,他想找誰來吃飯呢
"你現在一天大概還要喝多少
",那個還不到半秒鐘,退休前的恐懼和憤怒又來了,他會應該很容易瞭解那種心境,頂多不會超過兩瓶,我的個性 就是比較不服輸那種個性,他們還為來賓準備了三個蓋盅
"阿火叔你有沒有看到我家阿蘭
有呀說要帶小孩去海邊走走
",快點走去派出所 到派出所再說,希望我們阿蘭若嫁過去時會好好疼惜,如果有一天我離開了 你會恨我嗎,對阿爸我送你回去休息,原本打算明天去醫院探望阿爸的,你是不是常帶女孩子來這裡來海邊玩
"這裡的養蝦場是用海水養殖蝦 而且今天我們來的日子剛好是他們收蝦的日子
收蝦是什麼 是蝦子收成嗎
",或者是有事情不能解決的時候,所以我在學校生活裡面,雖然柯老師信誓旦旦的說,裝的正是一氧化碳,真好這麼早就立定志向了,對 就是蝦子收成
"你今天的狀況不是很好 彈琴的力道明顯都不足 該重的音階 幾乎都只是輕輕帶過
",而該輕的地方 幾乎都聽不到,記住機會是留給準備好的人,我是真的沒辦法,你們好厲害喔,後果可能會更嚴重,但是你要懂得保護自己
"而且我相信 你在那兩分鐘的獨奏表演 一定會得到最多的掌聲
謝謝你 你真的是最最最夠朋友了
",那就麻煩你們囉,我是真的沒辦法,李芯真的好專心,後果可能會更嚴重,誰叫我們是鋼琴雙姝呢,我的手好像越來越嚴重了
"有這樣的想法 那是一件很棒的事
沒有 也有人不願意演啦
",它不只是一個電視劇的消耗品,可是很多演員再怎麼辛苦 都願意繼續跟老師合作,而且還可以看得進去的,他說等一下 我忘記問了,我剛剛已經是最好的狀態了,也有人不願意演
"我很多事情都不會跟他討論 然後發現做了之後他不喜歡
",然後吃完飯再進去念書,我也擺臭臉,然後就自己進房間念書,然後吃飯再出來,然後他就生氣,我自己太有想法
"所以經過離心以後呢 上面就分為血清 下面就分為血球
",它的血綠素裡面是含有銅離子,所以當它跟空氣接觸以後呢,重的血球就沉下來了對不對,班傑當然不會忘記,來醫院的主要目的啦,這次參與抽血的人分別是
"我看你回到家到現在 一句話也不講 你是不是在學校發生什麼事
",你的腦袋就是跟別人想的不一樣,沒事 你不要一直問好不好,她就會很擔心 擔心到連覺都睡不好,你知道嗎 她難過得連飯都吃不下,這樣也叫天兵喔 有誰的媽媽會像你這樣,我保證 不用打勾勾了啦
"冒泡的感覺是什麼啊
",我已經沒辦法去了,台灣已步入高齡化社會,親友追思溫馨感人,究竟沖繩的魅力在哪裡呢,許多小朋友會在狗狗貓貓的陪伴下一起成長,喔 很難形容
"我們馬上去看醫生 好嗎
不行啦 如果這時候去看醫生
",記住機會是留給準備好的人,你想這麼做,一定會得到最多的掌聲,可是你不是也是合唱團的候補伴奏嗎,說不定你還有機會取代她呢,醫生一定叫我要多休息 不要彈琴
"你跟阿陽在一起那麼久了 那現實生活當中你是他的什麼 還不是只是普通朋友嗎
誰說我們只是普通朋友 我們的關係你又不是不知
",希望等一下 阿陽不要認不出我們來,你們整條葬儀街都那麼傳統 每家都要搞得跟清朝人一樣,你們家這種傳統葬儀 都一定要把人家弄那麼難看嗎,誰承認你們的關係啊 難道你可以當著大家的面 說你是他的未亡人嗎,你們快點啦 明天阿陽就要入殮了 今天晚上是見他最後一面,我平常也不會這樣穿啊 這根本不是我的style
"你是不是喝醉啦 我跟你說 我就在附近 我去接你喔
不用了啦
",可是他不想要我,我自己叫車回去就行了,我給你時間好好的考慮考慮,你這幾年的表現,從今起我卯起來賺錢,小孩子可不是小貓小狗耶
"媽 如果我去讀餐飲科而不去讀普通高中呢
",一千四百西西的水,吊白塊裡的福馬林,那也很好啊 只要你自己想清楚 你做任何決定媽都支持你 加油,明明考試之前的重點,就是maru2,到現在還不知道要考什麼
"但是透過廣播呢 我自己給我自己的心靈 做了一個很好的治療 跟聽眾朋友們的互動
",目前沒有辦法擴及到個人服務,但是如果你個人,真的是有這樣子的需求,也讓我感到非常的溫暖,包含說如果你真的是臨時發生了一些狀,其實我們還是會有一些彈性的處理
"可是你不是也是合唱團的候補伴奏嗎  你不用準備嗎
反正我只是個候補 比較沒關係啦
",你今天的狀況不是很好,你們好厲害喔,好 那就麻煩你了,如果你因為不甘心,怎麼突然停下來了,傷到哪裡了
"就是這位單親爸爸他因為絕望 打算抱著女兒
",真讓人心疼啊,要從天橋上跳下去,真的非常普遍,像我自己,就是單親家庭長大的小孩,沒錯
"我用來裝錢的包包不見了
錢不見啦 怎麼會不見了呢
",我 我不知道,好久不見,不見得比較輕鬆耶,不要老是躲著不見人嘛,我怕你聽不見啊,什麼都看不見
"那時候其實你們都還很小耶
對啊 除了那個總監很老之外
",你不用來念了,可能一定會走得更辛苦,沒有 他那時候還是讀高中而已,有人對你有興趣喔,當然他們都覺得很討厭,為什麼不當教授
"不能因為你幫我這一點小小的忙 就要我買那雙鞋送你
媽 你想到哪去了 我這次是義務幫忙 沒有任何條件的 你放心好了
那你要確實把它清理乾淨喔
",銀行經理盜領公款逃逸,損失三百萬元,太可惡了,又見飆車族逞兇砍人,我再進去把湯熱一下,回來啦
"土星的體積非常的大 是地球的七百四十五倍耶
真的啊
",你知道它有多輕嗎,不要亂猜,土星的體積很大哦,但是 它卻是太陽系中最輕的行星哦,好可愛哦,你們知道嗎 土星的體積很大哦
"所以你們家用得最多的 應該就是紙跟筆了吧 是不是
是
然後很多人說 你們家是用稿紙糊起來的 是因為真的是爸爸媽媽 真的就是靠筆耕
",都用鹽醃起來,那是香茅油你拿那個做什麼啊,我跟你講豆油伯送的禮物好不到哪裡去,還好爸爸那時候他是軍職 那軍職至少有固定的軍餉,你再考別的有沒有其他的東西可以送,我們台語其實也不錯
"怎麼培養我們 然後怎麼教我們寫文章
從來沒有
沒有嗎
",要爬二千多公尺,完全沒有,我最起碼可以說十種,火車就是這樣才可以行駛的喔,看到他的那個寫作的身影,這個就是直立式汽缸
"那米開朗基羅牠的個性是怎麼樣的
蠻凶悍的吧
蠻凶悍喔 所以我們不可以太接近牠是不是
",發現你的騎術真的很不賴,殺得他們片甲不留,就要把馬牽過來這樣,馬術就是要比優雅的嘛,不會 對人很好,你平常除了刷馬之外 還要幫馬做些什麼事嗎
"張瑞桓 我到處找你 英文講義的錢你還沒交喔
來不及囉 我現在口袋空空是也
",不是應該要選成績最優秀的人嗎,明明交錢那麼簡單的事 為什麼你可以拖那麼久,可以瞭解更多你們的生活小秘密喔,老師還會另外準備神秘的小禮物喔,又要孝順父母,終究還是回到了我最喜歡的校園
"簡單的說 這是一種先天性的心臟病
醫生 那我們該怎麼辦
",我們應該怎麼接受治療,怎麼能怪你呢,還欠了一屁股債,多一分鐘手術的時間,從來都沒有癒合過,我們馬上去看醫生
"李芯 這樣好嗎
我也不知道 但是不管怎麼樣
",休息一下就好了,我知道了,我馬上去洗,你一定要幫我保守這個秘密,你們好厲害喔,你不要再否認了
"面目可憎 可能不只是因為沒有讀書吧 也有可能是因為睡眠不足
",以符合所謂社會的需求,也有可能是年紀到了啊,我們也做了一個初步的規畫,目前我們是建議,以後身心障礙特考,對於這個體格檢查
"小姐 妳不知道這裡不能貼嗎 貼成這麼亂 要開單喔
大哥 不好意思啦 我是新來的不知道規矩
",一斤的蘋果要多少錢,你知道台大電機營嗎,這個膠帶是我在文具行買的,這雙是你的拖鞋嘛,我抓到妳卻沒有開單的話 我會被長官罵,走 我們一起去打球
"下過雨後山中的溪水湍急 水流衝力較大
難不成這第一關就會讓狗狗追不下去了嗎
",感覺就是蓄勢待發這樣子,開始追捕佩佩的路程,沒問題吧 對不對,再往上爬 沒想到看似盡頭 佩佩竟然還能在狹縫中找到一條出路,瞧她一副賊樣,繼續馬不停蹄的逃亡 完全不敢浪費時間
"羽君 對不起 都是媽的錯 你聽媽解釋嘛
",情況嚴不嚴重啊,我試試看囉,把他推向深淵,你走開我不想跟你說話,我們寫給你的卡片收到了嗎,我真的好羨慕你喔
"所以這個編劇 寫故事的人是你嗎
當然是我自己啦
",長高潛能不是以實際年齡為準,我不知道要買哪件襯衫,我覺得陽春麵很好吃,投資有賺有賠,那老師有沒有幫你修改,請問你有需要銀行貸款嗎
"可見得由這個實驗我們發現看起來新鮮的蝦不見得真的比較新鮮
",而且福馬林聽說有一種很奇怪的味道,這個高雄港站在日據時代,來你幫我聞聞看,千晏待會兒看完書,所以其實我們購買海鮮的時候不能光看牠的外表,等他以後上高中甚至考到大學
"怎麼咳個不停的 你到底有沒有去看醫生啊
感冒啦 過兩天就好了
",你不要給你自己找藉口了,你還逞強 看你咳成這樣子 感冒可是不能拖的,我們應該可以更好相處吧,我已經十五歲了 每次都把我當成小孩子,多尊重我一些意見,這些話我放在心裡已經很久了
"那失智的余爺爺呢 他也能夠自己打理三餐嗎
因為沒時間煮飯啊 帶孩子怎麼有時間煮飯
",他都會自己去買吃的,對於這樣的情景,住在台中從事餐飲業的大姊,不是不知情,大姊甚至曾經表達她的不滿,獨自在公園呆坐好幾個小時
"所以施打過一氧化碳的鮭魚會變得鮮紅 而不會氧化成為黑褐色
所以像有些人煤氣燒炭自殺之後他的皮膚都變得比較粉紅色 是一樣的道理囉
",他是會變成泛紅的,我們過去拜訪一下,是 一氧化碳吸進去以後就跟我們的血液做結合 所以會變成非常鮮紅,只死掉了五隻而已,所以各類的書我都很喜歡,像這個就是取高雄的高
"我跟你爸賺錢很辛苦 你花起來倒蠻大方的 你一點都不心疼啊
",你怎麼沒有幫自己算一算啊,我以後賺錢還你嘛,有沒有對她好一點啊,在台灣有一千三百萬輛機車,我是從台灣來的,這樣子比較不會震得屁股疼
"那幫老師畫有沒有打折
老師 人人平等 不二價 不過我保證把老師畫得美美的 而且物超所值
",那當然了 老師相信你的能力,妍如好專業喔,我在畫畫打工賺錢,燈塔是你最喜歡的地方,為什麼讓你覺得很平靜很安全的秘密,以前爸爸是漁夫
"賢賢喜歡我們這裡嗎
很喜歡啊 我覺得雖然校園整個校地並沒有很大
",你剛剛說你不會做玩具沒關係,這是文山國小的同學,用這種吸管還有紙板做成的長程飛彈,不用花到一毛錢,一定是這種課程,可是每個人的感情好像都很好
"那如果我們想逛逛的話 有什麼可以推薦的
山形屋
",而且今天我們來的日子,那你們同學對王芃的印象怎麼樣呢,那有什麼特別的,兩位老師要不要進來坐一坐,家裡的生意正在忙需要你,對啊眼高手低耶你
"舒琪你可以教我們做這種餅乾嗎
",可是不知道為什麼,王芃她現在練習的是學校校慶的節目,因為每一科都可以讓我學到很多新事物,對啊 我超愛草莓口味的,把梁老師都給嚇跑了,如果不練的話也是不可能打得快
"加生 你知道瑉琁 做這個研究的用意在哪裡嗎
",轟動一時的人體奧妙巡迴展 終於來到台灣了,你看每位遊客都玩得不亦樂乎,知道啊,這也算是自然手語啊,澎湖是一個由六十四個大小島嶼組成的群島,怪難為情的對不對
"你就先和珮甄借好了
不要 我最討厭欠人情了
不然你想怎樣
",一時感觸良多而已啦,大不了老師保證絕對不說出去,可是我不能保證,那等你們找到保證書再過來,我保證 明天我一定交,保證讓全班大開眼界啦
"有沒有很開心
很開心 對啊
現在在收成啊
",好好過日子,你要不要講一下,當然是很開心囉,不然會嚇到人家,這麼明顯的放水,就炒一個米粉啦
"芷穎 我要向你收那個校外教學的費用
啊 我又忘了
",你爸最近太健忘了,我忘了拿內褲,又忘了 我看你是把錢拿去買漫畫書了吧,你忘了自己是老師,難道你忘了,就忘了跟你講
"您所撥的電話號碼是空號
",好像還蠻不錯的,他就是黃奶奶,可是渡邊他是日本人,是下一期大樂透的號碼,請查明後再播 謝謝,留下來的藏寶圖
"你的女兒 是一位優秀的聽障孩子 你對她有什麼期望呢
",人家不管啦,不信就算了 好心帶這麼甜的葡萄給你們吃 你們還不領情,我一直幫她規劃說 朝著能夠以聽障人的立場 去考量以後一些聽障的事物,請問你自己有嘗試過 這個實驗嗎,現在剛好客人比較少 所以閒著就看看報紙,今天調查了六十九位同學當中 有二十七位同學選擇相信
"我們去游泳
",我的借你啊,我們身材又不一樣,我有一件以前的 你應該可以穿吧,你有沒有看過殉情記啊,我又沒有帶泳衣,因為我也忘了放哪裡
"老師 您會不會像其他人一樣 看不起我媽媽
為什麼要看不起她呢
",能不能跟你拍張照,可不可以請你幫我們,我們管理部這邊就會有一套 制式的一個規格,您知道他們在做什麼呢,因為她犯過罪,坐計程車回去吧
"王小弟的那個聲音啊 真的好像小朋友的聲音 你是怎麼詮釋的
",就我們家的傳統 就是阿公死掉 有沒有 要傳承給孫子的,假如說當事人坐在上面不乖 不聽話 故意亂動的話 我們這個都監測得出來,是一個小男孩的感覺嘛 所以就像一個 跟奶奶在撒嬌的小男孩的感覺,為了在外頭多玩一會兒 每天都要跟象伕鬥智,牠雖然現在就是毛是順的 然後不刺這樣子 但牠在倒退的時候 那個刺有時候會倒鉤,你們要快樂一點 聽到沒有
"接下來我們要做裁剪的工作 先把對角畫起來 然後我們剪下來就可以了
老師在剪接修邊的時候 有沒有要特別注意什麼
",我們要先試飛啊 能飛我們再來畫啊,而且也不怕它撞壞啊,讓風箏呈現一個四十五度角的傾斜度,輝哥還要等什麼啊,特別注意就是說 我們要沿著直線要剪直,我們禮拜天要辦成果發表會
"你說是莽撞也好 或者說她是一個叛逆 是一個這樣 真性情
對 很真性情的人
不是 而且這樣聽你講 我就可以想像當年 你媽媽就帶著狗 在草原上奔騰的那種感覺
",當然是要說台語的啊,不然我神木我有講對啊,你要跑去哪裡,我知道這個神木的台語叫做神樹 不能夠直接翻譯這樣神木叫神木對不對,可是像媽媽 您母親這麼喜歡這些小動物們 是不是也影響到 你們整個家庭生活呢,記憶力消退了
"那你今天要教我們什麼 老師
像你們之前不是有問過我說嗎 像我們一般吃這種綠綠的棗子 是不是一樣的
人家說不能吃 你不要拿
",所以這個棗子越來越大顆,還是因為品種的改良,所以才越來越大顆的,這是品種的關係,現在的棗子越來越大越來越甜,你們專心一點好不好
"他們吃麵的時候會發出聲音
那你可不可以示範一下 他們吃麵怎麼樣吃法
",就這樣啊 這樣 好像很好吃的感覺,這樣不可以剪 不可以從這裡剪,拿去戶外晾乾要取得酵母菌,你在看報紙啊,打造一個安全無虞 舒適樂活之行車環境,我今天早上吃了三明治
"她每次都這樣 先給別人一點甜頭再叫別人替她做事情呢
",吃人家的東西就要幫忙打掃,要記什麼,還好吧她也有不得已的苦衷 幹嘛要把人家想這麼壞,老師要我們帶的東西啦 或是班上的雜事什麼拉哩拉雜的東西,她鼻子過敏暫時不能碰灰塵 所以請我幫忙打掃啊,你才買十二色的喔 二十四色不是比較方便嗎
"打了一氧化碳之後會讓魚看起來比較新鮮 那會不會跟吊白塊一樣危害人體
",而且只要百萬分之一的濃度,都是台南澎湖地區的人喔,既然日本人開發了這個港,它要從那個地方出去,漁民們用來浸泡魚貨的吊白塊,不會危害人體
"那涂先生你知不知道這附近
哪邊有人在做這個蠶絲被啊
",這一片桑葉園很大片耶,都是你一個人的喔,這裡應該就是桑園囉,我就有做啊,桑葉好漂亮哦,好難得看到那麼大片的桑葉耶
"怎麼都不給我吃 小氣鬼
我這個可以啃很久
",現在體驗一下,可是我想吃一口乖乖玉米棒,這是大家庭的優點,你有別的好方法嗎,那要把拖鞋收好,我們一起合作
"拿來 我看
不行 你真的很粗魯
沒錯 像她恰北北的女生 我是絕對不會投她一票的
",我們等一下可以去操場玩嘛,你們男生真的很無聊耶 玩什麼投票 幼稚,文章提到蟑螂什麼都吃 以及頑強的生命力和繁殖力,所以大學的宿舍生活真的很好玩嗎,這項技術正在走向成熟 未來航天發射成本有望大幅下降,我剛剛看到一架飛機
"老師我們不是要做風箏嗎 你現在舖竹蓆要睡午覺嗎
用竹蓆來做風箏沒錯啊
",圖案嘛對不對因為我們要畫圖案的關係,吸血鬼不要吸我的血,我們要先試飛啊 能飛我們再來畫啊,用這個竹蓆怎麼做,特別注意就是說 我們要沿著直線要剪直,讓風箏呈現一個四十五度角的傾斜度
"我 真的這麼配不上你嗎 
妮可 我不是這個意思
",這也是算命的一個好處啊,絕對不會成為是白老鼠,在導盲犬的帶領下 勇敢的踏出去,男生就是會比較壯喔,你不用解釋了 事實就是這個樣子,上下樓梯搬東西最麻煩了啦
"您認為聾人表演技巧的特色在哪裡呢
這個是隨堂考試嗎
我第一個想到是說 就是說第一個聲音的那個部分 因為你不太能夠用聲音
",農民密切注意氣象資訊 尤其是高海拔 沿海空曠等地區,描述她勇於告別過去的悲喜甚或輝煌 學會跳脫世界的紛擾與阻礙,如果我有下部作品的話 希望大家可以支持,照片發布至推特上後 立刻引起大批網友熱議,所以用聲音對他們來講會是一個缺陷,你的歌聲很嘹亮
"我是擔心像跟你球技那麼差的人同一組 我會被拖累
你以為我們愛跟你一組喔
如果每個人技術都那麼好的話 那麼大家都去打校隊就好了啦
",可是這樣的球技也差太多了吧,全家搬到美國去,寫得越認真笑臉章就會越多,不知不覺也就過了六年,各位同學早,終究還是回到了我最喜歡的校園
"老師 要不要浮潛啊 我可以教你喔
浮潛啊 我沒有想過耶 而且我還怕怕的
",梁老師 來綠島怎麼可以錯過浮潛這項熱門活動啊,對啊這個劍都快比他高了,還是希望一次比一次做得更好,而且我已經想通了,但是我現在就有一個問題,每次看到烹飪的書
"那你幹嘛不開補習班啊 很賺錢耶
我跟錢有點過不去
",哪裡賺錢的 就往反方向跑這樣子,不要玩這些電子音樂,那不是音樂,我也不需要學歷,就是一隻腳這樣沾濕了,這是什麼東西
"對他來說
不花錢到大賣場試吃填飽肚子
",線上遊戲公司主管,到底來訪的座上嘉賓會是誰呢,可算是最棒的一餐了,這樣可以省一些瓦斯費,再來就是懷著一顆無比興奮的心情,就可以先把食材包好
"如果飛機在飛行當中打一個小洞的話 會不會影響飛行的安全呢
",如果這個洞的話經過仔細的設計的話 應該不至於造成太大問題,其實狗搖尾巴有很多種方式 高興搖尾巴 生氣也搖尾巴,所以只要依照政府規定 在採收前十天不要噴灑農藥,靜電才是加油站爆炸的元凶 手機不過是代罪羔羊,我們可以用表面張力及附著力的原理 來測試看看,不過蝦子死亡後 身體會釋放出有毒素的體液 可能造成水的變質
"我沒有跟老師說你手受傷的事啊
不是你還會有誰 我受傷的事情只告訴過你
",可是我真的沒有說啊,謝謝你,那就麻煩你們囉,怎麼突然停下來了,那我再想辦法,你們好厲害喔
"沒有辦法二十四小時陪你 只有你一個人
",而同學都有爸媽的陪伴,但是有些學長會欺負我,如果班上的同學,他們有爸爸媽媽,會去接他們放學,而嘲笑你
"還問我去哪裡 我差點就沒命了
什麼啊
我忘記帶鑰匙
",這是我人生最大的目標,也是我最重要的里程碑,怎麼可以受到一點點挫折就放棄呢,真希望你對英文有這麼大的期許啊,所以回不了家,可是我爸說過
"為什麼陳怡霖要幫你記 你為什麼不自己記呀
",有啊 怡霖她 怡霖怡霖在哪兒,我給她兩本記事簿啊 很貴又很漂亮呢 是她自己答應要幫我記的,其實同學們都以為依君給你很多好處 所以你才跟她在一起的,可是既然你覺得我做得不好 那我就不要做了,兩個音節的形容詞 前面就不需要加MORE,怡霖你不要鬧脾氣了啦 我知道你很喜歡這個袋子
"原來藥用植物不等於是草藥 我以前都搞錯了
現在你知道了吧
",要記得收看我和曉書主持的「聽聽看」,這個時候又要和大家說再見了,原來藥用植物除了可以做成中藥之外還可以當作藥膳補品,用心聽聲音,這樣反而對身體不好喔,轉眼又要過元宵節了
"比較多吧 那個才是最值得收藏的 不曉得她的拍攝技術好不好
",沒有特定喜歡拍什麼 就是有點在生活一些小事情,她不理我啊,這一片正在施工的工地 將會被設計成一座紀念公園,你出來都拍些什麼東西,給我看看,可是她說她很愛到處拍照
"一直到媽媽身體狀況急遽惡化 這才讓道江 揮別三年的海外生活 回台定居
當我從澳洲回來的時候
",偶爾還是會親自下廚,因此對於全家都外食這件事情,一定要擺得好好給人家看,那時候我媽在臺大醫院,友志其實是有壓力的,畢竟她繼母的身分
"你年紀那麼大了 還顧雜貨店 那麼辛苦喔
",這一次自己親自來體驗,然後視野常常是一望無際,這個一個五塊,我的兒女是很捨不得啊,不過我還是覺得很興奮,看到很多人的單車日記
"你別撒嬌了 你早知道我會幫你抄聯絡簿對不對
",被你發現囉,我也好想念一起回家的日子,九月十日,那個時候 我們一起走在同一條路上,我很喜歡這個闕詞,蕙馨得到第一名
"我真的沒有想過要傷害你
我同學說的那些話是無心的
",半夜三更不睡覺,有什麼好洗的啊,你會一點點手語耶,你交了別的女朋友,請你不要放在心上,他越是有可能回來找你的啦
"為什麼要領錢還要事先講呢
那是因為行動郵局 它不會帶太多錢出門喔
要怎麼領呢
",他可以重複領好幾個地方,老闆娘 你要領那麼多,看你笑得眉開眼笑的,我回去打打看因為你超過時間了,由行動郵局的人開車載你回郵局領錢,所以就算是要存錢也不行
"大家叫他銼冰泉 因為他在附近一家製冰工廠切冰塊 要是那一天冰塊切得很順
",我等這一刻等很久了,你給我飲料幹什麼啦,我看到金剛的眼睛,贏了比賽就不能快樂的跳舞,決戰到最後的時刻,他就會在外頭喝兩杯再回家
"又熬夜K書了 讀不完了 對不對
不要吵 我快背好了
明天上學不要爬不起來 遲到
",你願意原諒我們嗎,你們在看什麼,沒去嘗試怎麼知道不會呢,你就是接受我的邀請囉,我有調鬧鐘啦,我不應該發那麼大的脾氣的
"可能是最近交了壞朋友 所以才變壞的
對啊 碧珊你趕快跟劉老師說對不起 請他原諒你
你們幹嘛這樣低聲下氣啊 他是罵我沒家教 又不是罵你們
",你罵夠了沒啊 考零分就考零分 你憑什麼罵我沒家教,碰到不會寫的題目 至少要填個答案上去,簡直就是小太妹嘛 我們以後要跟她保持距離才好,你嘴巴厲害 我倒是要看看你有理還是我有理,也對啦 因為你們兩個沒有把我教好嘛,你們不是叫我們要誠實嗎 我現在很誠實告訴你 我沒念
"上次那個答錄機摔壞了 要不要我幫你修啊
不用了
",你要當兵了嗎,那個搬家的時候就丟掉了,我覺得你的脾氣太衝了,不知道還在等,你知不知道,阿明啊
"默劇就希望說 我不要用真正的語言去說話 而是用身體去講話
原來如此啊 默劇竟然有這麼多的學問
",你們果園的工人做事情很粗心大意,像我們聾人朋友表演的形態 大部分也是以不出聲音為主,還在猶豫選校或選系的同學們 不妨聽聽老師怎麼說,歌聲這種東西其實好不好聽有時候是天生就決定的,小孩子還真的會做葡萄酒,汙染水源導致養殖文蛤大量暴斃
"我希望你能原諒我 繼續當同學 好嗎
",詠真 對不起 是我誤會你了,不用客氣 伯母,我只能當個旁觀者,不相信我帶你去看,所以這是一個很特別的夜晚,他可能太無聊吧
"媽 對不起 今天我不應該對你大吼大叫的 原諒我好不好
傻孩子 你是媽媽的寶貝 媽媽沒有生氣 只是有點難過
",這是我的專利,不過為了我自己的夢想 我一定會堅持到底的,我就得放棄自己的夢想嗎,媽 不要生氣好不好 拜託啦,媽 我知道啦,謝謝各位同學精彩的報告
"還在讀書嗎
",以後我真的不敢再鐵齒了,是我在玉井那個招待所親身經歷的,你也別把我叫那麼老,連小學生聽了都覺得是個笑話,這國內國外走南闖北的,早就畢業了啦
"所以我們現在要用鹽鍬 來 講一次
鹽鍬
台語叫做鹽鍬仔
",拜託你,鹽鍬仔,你不要羨慕啦,這是我日本朋友來台灣 特別送我的,很累呢,這 好痛喔
"務農的人 什麼是每餐必備的食物呢
",不要害我笑,湯一定要要啊 然後飯啦,令我感到驕傲,反正就是會想家,就說你嫁給我吧,剛剛講的故事是真的還假的
"去補習班的事情 你決定好了嗎
我覺得補習班的人好多 而且位子又好小
",請幫我簽名,其實念書還是要靠自己的,你怎麼會在這裡,補習班本來就是這樣,太吵或太安靜都不行,我旁邊還有空位
"人家那是正式的場合 難道你想穿奶罩啊
",好像那個過世的不是他朋友,你怎麼知道我有穿,希望等一下 阿陽不要認不出我們來,今天晚上是見他最後一面,原來你是真的要離開我,等一下我們的歌舞 都只獻給你一個人
"可是你現在要學 要兩年才能考上黑帶
還要兩年的時間喔
對
",跆拳道社團是我們學校最大的一個社團,那不就還要很久,同學們已經排好隊在那邊練習了,我今天要來拜訪的這個跆拳道社團,小兵說要表演什麼 好像神秘兮兮的,那邊有木板 幫我拿來分一下
"就是這本書 作者叫做鍾宛貞 她因為腦瘤 而造成了視覺跟嗅覺都喪失了功能
",我想在這邊要說明的是,在這整個規定還沒有制定之前,但是她仍然樂觀看待生命中的每一件事,其實從九十三年開始,部裡面已經協調人事局還有所有的用人機關,不再對所謂的中重度視障
"這地方太小了 我想要的都不在這裡 我想要去本島多看看多學習
",蕭成浩 你跩什麼跩 既然不喜歡這個地方 就不要在這裡啊,他問你現在生吃可以嗎,都是用這原理來開通,記得跟千晏一起回來吃飯,因為這裡是日治時代的貴族學校,然後由小朋友或者是我
"你們家就是動物園就對了
我比較嚴重 然後我也不知道為什麼這樣 所有的動物來講 牠真的處境堪憐才收留
你先告訴我們 你現在養了多少隻不同的動物
",哪次考過你們國語的啊,日出台語就是日出啦對不對,鹽在日常生活裡面有什麼妙用,真的是鹽甕仔生蟲不可能,學習事情不要想說投機取巧,十九隻狗 十九隻貓 三隻鵝 八隻雞 然後兩隻鴿子 一隻阿哥
"你的手怎麼會抖成這樣呢 怎麼了
不曉得 早上起床後 不知道為什麼 手指麻麻的
我想你應該是在睡覺的時候 長時間壓到手的關係才會發麻
",我把人生最真實的這一面 帶過來,分享給更多的人知道 他就覺得值得囉,他也自己寫了一本自傳 要跟社會大眾分享一下,台灣有兩千三百萬人 一年出現不到十個病例 為什麼是我,只是小毛病而已 過幾天就會好的啦,把這樣的一個熱愛生命鬥士 請到學校來
"你可以教我們怎麼曬魚嗎
",我在檢驗禽流感,魚已經曬完了 要等明天啊,謝謝醫生幫我打預防針,你們已經完成你們的任務,是由不一樣的病毒所引發,模擬出它立體的樣子
"你應該趕快被調去當兵才對
 這麼優秀還會自己做炸彈
我做這個只是好玩喔
",等一下,借看一下會怎樣啊,不會很亂哪,桌上那是什麼東西啊,你們不要到處亂講,你在裡頭幹嘛
"你們來看嘛 我之前寫報告的時候 有找到這些資料
什麼資料
你們看 日月潭喔
",這個四角網的捕魚方法,對喔我之前有去日月潭探索過,就把網子綁在四根竹子的四邊,然後這個竹子放下去的時候,就是它這個竹子有四邊嘛,游進去的時候
"登山要避免穿著紅色衣物
因為太過鮮豔會被蜂群叮上
",你現在出去看到紅綠燈,留下來的藏寶圖,這個時候又要和大家說再見了,會一點點呀學一點點,許多人也因此付出了性命,穿著淺色衣物比較恰當
"阿忠有一種那個 很神氣的那種感覺
有嗎 很臭屁
",她當初看到我的時候 感覺很臭屁,我對那個有藝術家氣息的人 都比較欣賞,應該是說很臭屁 很有自信,為了阿忠 阿萍還辭掉做了六年左右的 廣告招牌行政工作,就是叫我上去 示範幾招給他們看,然後我就去探班
"那你有沒有聽過一句話 叫做民以食為天
",那如果覺得這則流言是真的話,竟然有黑心的商人,這裡地方大概是日治時期的,這個注音符號它的拼音方法,然後呢再送到那邊去,民以食為天 有啊
"好冷喔 現在這邊大概攝氏大概四度
我們離開台北的時候 攝氏大概十四度
",你有想我喔,你是什麼星座,最害怕蜘蛛,所以相差了大概十度有,又一批小魚長大了,真實體驗魔鬼終結者劇情
"我想請問一下林老闆 你們經營這家店有多久了
三十年以上了
",老闆娘別客氣 儘管說出來,看到你們店裡 賣的都是很久以前的東西了,最近幾年這麼不景氣 你們還能夠保存這家店 真的是很不簡單,以前跟現在比較起來 以前生意好,旁邊改成了快速道路 所以住家都遷走了,我看你沒什麼天分
"宇翔 你當初為什麼會想要學騎馬呢
",那米開朗基羅牠的個性是怎麼樣的,大家才能夠共同贏得勝利嘛,所以所有的建築設計圖 都由政府免費提供,經過七七四十九天的深思熟慮,如果耳朵亂動的話 就是代表牠不專心,可能是興趣吧
"你還不是跟我一樣
我跟你才不一樣
不理你了
",我不知道耶,你又不胖,你的眼光也太特別了吧,我也不理你了,有時間要多練習,飲料隨你喝到飽
"那這個年畫是怎麼做的啊
我也不知道耶
應該去探索一下 你不是很有興趣嗎
",這個顏色也好鮮艷哦,真是讓我耳目一新,就是那種喜氣洋洋的,好漂亮哦,我們不會寂寞的,你就應該去探索一下 然後回來再跟我們分享你的探索心得啊
"透過高速旋轉的離心力 可以加快血液中 顆粒的沉降速度
",他跟我們講說這是龍蝦血,而讓不同密度的物質分離呢,因為牠是節肢動物,就是牠身體上有甲殼素,那牠的顏色就是叫血綠素,血怎麼這個顏色的啊
"我明天就可以做生意了
怎麼不多休息兩天
",夏令營的作業 大家一定要準時交,因為她要為以後出國念書的基金做準備,我命苦啊 而且家裡就這麼一個女兒 不也就希望她將來過得好一些,錢 她們一家都愛錢,那只是她隨便亂塗鴉而已 哪有什麼老師說得那麼好,只不過當畫家可沒那麼容易
"你兒子知道嗎
他不知道
你們不想讓他知道
",幼華還是順著兒子,那個廠商的產品,來看看他們家都怎麼吃的吧,看就知道啦,幼華非常擅長時間管理,聽到這段對話的幼華
"我們也想知道你心目中的班花類型
同學們 對不對
對
",這個皮夾很漂亮,離開教室 記得關好門窗,等一下你們要吃什麼,太好了 期待你的表現,其計劃挑戰火箭回收技術的更高難度,老師喜歡認真負責的女孩子
"由利 你的工作室在哪兒
",這個是我的秘密,客人最好是有日本淵源的,這家人的晚餐名單都是美女呢,聖誕節前夕,你們喜不喜歡來這邊,會想請誰來吃晚餐呢
"這匹馬是你自己的嗎
不是 是馬場的 然後我就自願來幫他們
那你為什麼要幫忙刷呢
",我應該要動哪裡呢,然後就開始學習騎了,我就蠻欣賞這個運動的,因為我等一下要騎牠,那你現在在綁什麼,我們怎麼可能歧視女生呢
"你這樣做是不對的
老師 這裡又不是教室 不要給我上課好不好 不付五萬塊 底片是不會給你們的
紀老師 不用跟他爭論了 既然他不願意把底片給交出來
",我們只是簽同意書,可以去翻翻六法全書,又不是訂合約,沒有法律上的限制,兩位要是不相信的話,我們就在網路上 把這家公司的惡行惡狀公佈出來
"你知道剛剛看到的那些海鳥 為什麼要俯衝下來呢
牠們是因為要覓食嗎
",母海鳥平均每半年 會生到一兩顆蛋,大家都樂在其中了,澎澎灘上還可以做浮潛,不是,恐怕還要加上觀光客的人數吧,恐怕還要加上觀光客的人數吧
"阿威啊 這是老闆要給你的啦
這是什麼
",那麼想念幹嘛,這邊的朋友揮揮你的手,碰到日出我就化陣煙飄走,我渴望安慰 卻顯得狼狽 只為那迷離香味,那件白色的絲巾誰的 快去把它收起來,早上有一個歐巴桑 打電話來找你
"舒琪 你有沒有在看書
有啊 我吃飽飯就進來讀書了
你在看哪一科
",他在高雄港站三十幾年了,已經沒有火車行駛了,我們火車是非常熱門的時候,國文科啊,所以非常的安全喔,把活動力很強的蝦子電昏
"女兒Zoy不但沒有偷懶
",你交了別的女朋友,還把爸爸傳授的省錢概念倒背如流,是下一期大樂透的號碼,可是渡邊他是日本人,留下來的藏寶圖,請查明後再播 謝謝
"所以現在我們去看看我們那些朋友囉
什麼朋友啊
",乾脆就住學校,他們在討論星星喔,就是我們那些森林的朋友啊,你不要取笑他,大家都掛在梅子樹上,都是從很多地方來
"我也要不停的彈下去 因為如果不這樣子的話 我就會像被冷凍在冰箱裡的花椰菜
",永遠沒有辦法跟人家分享我的感覺,後來才知道,真的有人掉到水裡被救起來,夏天結束的時候,唯一讓人心裡感覺溫暖的,就是巧克力又回到廣場練舞了
"晚餐吃火鍋
日本的火鍋跟台灣的火鍋不一樣
",這家是新竹非常有名的一家涼麵店,應該是你們不夠老,我比較喜歡吃日本的火鍋,剛剛接到以前合作的數位公司打電話來邀課,謝謝主辦單位 謝謝學長學弟,孔雀魚及小型魚最佳飼料
"巧柔 意文 他們剛剛那邊跑 在追什麼
老師 他們男生很機車耶 非得自己去交作業簿 而且還比誰跑第一
對啊 老師 他們男生真的很無聊 只會欺負我們女生
",他們男生還在選什麼班花 還投票喔 討厭死了啦,明天要戶外教學 大家記得要準時到,我已經忘記昨天吃什麼點心了,原先最浪漫的歐洲 現在卻瀰漫著一股深深的哀愁,明天就是總統選舉了,他的麵包吃起來不僅美味 更有人味
"可是我沒走過耶
沒關係 老師陪你走 走吧
",可是在詩人的眼裡 下雨也有另外一番風情,我實在是不知道女生這樣 會哭得這麼厲害,比賽就是這樣子 幾家歡樂幾家愁,國語文競賽第一名同學 請到川堂集合,我只是想了解一下嘛,謝謝老師陪我走過這一段路
"你看我做的 這個土星它是一個氣體行星 所以太空船沒有辦法降落哦
什麼是氣體行星
",如果呢我們有一個很大的游泳池,好特別哦,那如果科學家駕著太空船到土星的話 就會沉下去哦,它掛著一個游泳圈,氣體行星就是說 它沒有一個固體的地殼,其實不只有土星這樣子啦
"這裡的一切都是那麼的美好 因為我媽以前都帶我們小孩 小朋友去中興新村拍照
",因為我媽以前都帶我們小孩,對 那時候就是有很多回憶啊,因為我覺得我們家裡很窮,家汶有一台單眼照相機,玩到好像是我媽媽覺得結束了 才回家,是她自己打工賺錢買的
"你平常都怎麼照顧他
",增加新球隊是無可避免的趨勢,搜救人員今天仍持續在倒塌瓦礫中搜索 看是否能救出生還者,艾圖維絕對有機會挑戰美聯年度最有價值球員大獎的肯定,有時候餵他吃東西 偶爾帶他去散步,墾丁屬於國內超夯觀光勝地,當年可愛精明模樣早已不復存在
"好香喔 媽你在做什麼
我在炒牛肉青椒
是喔可以讓我試試看嗎
",把活動力很強的蝦子電昏,當然可以啦 來,通通都吃進肚子裡了,對啊他真的很奇怪耶,這是百分之五十的尿液對不對,我怎麼沒有想過啊
"這位就是今天的女主角 麗紅特別為她獻聲演出 你今天是為了她而唱的嗎
",當然藉著結婚的這個日子,因為麗紅姊的歌聲很甜美,真是令人羨慕,陽光小雨在這裡祝福這對新人,對 我就是今天要來獻唱給她聽,看到了沒
"就算你沒有參加運動比賽 平常也應該要多運動啊
怎麼
再不去運動啊 你看
",希望我們大家更多的認識,所以將心比心,看似弱小的獨角仙卻是甲蟲之王,我想這就是他的動機,你的小腹都要發福了,他很喜歡參加這樣的活動
"我就買了一些飲料 要請班上同學喝
不用這樣啦
",她跟同學之間的互動 還是讓她自己處理吧,不用打勾勾了啦 你自己控制好就好,沒關係啦 這是我一點心意,不會再惹你不高興了 好不好,我絕對不會再自作主張,我是去跟你的同學道歉
"名讀 你有沒有聞到一個臭味
有耶 好像一股鹹魚味
是不是你的
",他是我最崇拜的人,不是啦 又不臭,謝謝你們兩位男子漢囉,這種距離我也投得進啊,體育小老師你來當比較好,你陪兒子聊聊天
"看來同學們對這一則流言有很多種不同的說法
到底這個流言是真是假呢
",這些錄音帶的內容是什麼,海水的還有活一兩個,今天探索了哈瑪星一整天,所以沿途這個新誕生的地區,我們馬上到流言教室去找出答案,這件事情給你們的教訓
"濂僑 看你撒網捕魚的樣子 該不會打算帶觀眾朋友們去捕魚吧
",這點常識我還知道的,夏季盛產的丁香魚 更是遠近馳名喔,這是我發明的,那什麼時候最忙呢,所以這兩句聽起來的意思很像是一樣,沒錯
"你笑起來很好看喔
真的嗎 還好吧
",但是我居然拿到第三名,然後視野常常是一望無際,當然是真的啊 現在笑起來就很好看,鐵道已經生鏽,英文講義已經送來了,而且你不覺得玉屏最近變了很多嗎
"這裡的湖水風景真是好呀 濂僑大哥
我們現在所在的這個湖 叫做什麼湖啊
",全部的人都到齊了只缺主角,他就是我們今天的主角陳志朋先生,你會一點點手語耶,這裡是桃園縣龍潭鄉的觀光大池,待會再看你的草藥啦,真拿你沒辦法
"沒想到你也會來
是我媽告訴我的啊
",而且我在想 你應該也會來吧,他們就快要去美國了,現在正在申請學校,我姓姚叫我季平就可以了,意外的是這樣大的難關 竟是季平陪我走過的,宋老師 你還是跟以前一樣耶
"來 演一個
我跟你說 我第一個就是表演直升機的
那第二個呢
",但是比手畫腳難免會看錯啦,才能理解不同成員要傳達的意思,知道厲害了吧,所以我們在八十八年的時候,我們會變成旗艦版,我就是表演海啊
"我們跟你沒什麼好談的
你們以後給我離珍妮遠一點
你們要是誰敢亂說話傷害到她
",我看我們到旁邊談好了,把課本夾在習作裡,我就把你們的惡行惡狀畫在海報上,他就會比較珍惜你,別那麼雞婆啦,你又突擊檢查啊
"既然有過不愉快的婚姻經歷 怎麼又會在離婚四年之後 選擇再婚呢
我們也是透過人家介紹認識的
",因為公司最近生意不好,道江省的不僅是冷氣的錢,你爸今天有點反常,爺爺今天怎麼還不回來,確定我們要開始交往的時候,他今天有危機意識
"這樣你小時候 一定常常被媽媽打
",你如果不相信 我等一下使兩套功夫給你看,對啊要打的時候 趕快跳過圍牆 就打不到了啊,老師這個汽水喝一輩子也喝不完耶,它這個水是沒毒 就是那個氣的厲害,它這就是碳酸離子 它普通冷水是冷外表 這個會滲透到體內,它就是那個會冒泡的冷泉啦
"你們在幹什麼啦 怎麼在這邊欺負同學呢
",我警告你喔 以後離我們遠一點喔,下過雨的操場邊有些積水跟泥巴地,我們哪有欺負他 是他自己來把我褲子弄髒的,濺了他身上一身泥巴,那老師先送你去保健室,有件事情你可能要稍微注意一下
"小孩根本不看 只會點頭就跑去玩了 小孩真讓我頭痛
",真的很不容易,一般聽人只要用說的就可以了,因為小孩子都很怕父母碎碎唸,要管好小孩真不容易啊,但是聾人如果用手語,唸到耳朵都覺得痛
"什麼事跑得怎麼急
沒事啦 我只是想說回家幫媽媽煮飯
你媽媽怎麼了 身體不舒服嗎
",她很好 只是我覺得 一直以來都是媽媽做飯給我吃 偶爾該換我做飯給她了,你水桶是要換新的水 還是洗一洗就好了,你的動作怎麼變得這麼快,其實芳儀不是那麼的嬌弱 以後我不能再把她當溫室的花朵了,因為不太放心 芳儀在學校跟同學相處的情形,一個人的個性 到了一定的年紀 就很難有大的改變
"這一次你不但是誤會了奕瑄 還對他造成很大的傷害喔
老師 對不起啦 我只是開個玩笑而已 不知道他會這麼在意 我會好好向他道歉的
",我代替我媽向你道歉,應該是我跟你道歉才對,但是你們要道歉的對象不是我喔,你該道歉的人不是我,我只是想確保你不會受到傷害,除了向道歉之外 老師還希望你可以幫一個忙
"可是大部分的聽障朋友 都沒有拿攝影機的經驗
那怎麼辦啊
",他的肩膀上會戴上三顆星,他原本是個威武雄壯的軍人,他就是我們今天的主角陳志朋先生,今天要介紹的是祁六新先生,其實在政府和一些有心人士的協助之下呢 已經有專門為聽障朋友開設的影像訓練班,十八年來的傷殘折磨
"所以其實我們市面上買到的活蝦 牠不一定比冷凍蝦好是不是
",這本筆記是專門為舒琪整理的,那現在我帶你出去走一走,我大概一頁可以花35秒鐘看完,當然囉 其實冷凍蝦還比較好,時間已經過了二十五秒鐘了,所以現在給你們五秒鐘時間
"你小時候也比較怕你爸
",我們都很怕好不好,不放心爸爸一個人生活,開始緊張了起來,很想要瞭解兩性關係,這個家難得這麼熱鬧,因為我今天這一切都是為家人
"這個茶好好喝哦
好喝嗎
這是什麼茶
",這個是用桑葉做的,這個是要四個人平均的力量,把它整件攤開,攤開來以後我們就直接地拉,要這樣捧鬆,這個蠶絲被摸起來真的是又鬆又軟耶
"比方說我們把它換成一張紙 那它的效果跟氣球是一樣的
紙可是紙怎麼會飛啊
",剛剛那邊好多風箏喔,這一次就由我親自出馬,對啊這應該不大可能吧,圖案嘛對不對因為我們要畫圖案的關係,吸血鬼不要吸我的血,用這個竹蓆怎麼做
"你們兩個站那麼久要幹嘛
我們不敢打打到會痛啊
",讓我們來看看三重高中的同學們,來吸引更多的遊客,一下連看都不看對方,痛也沒關係本來要練劍道就會痛啊,所以有關於海鮮的流言,填出來的新生的地區
"這樣瞭解了吧
輝哥 你不要一直吃好不好
專心聽我
",你有沒有聽我講話,你什麼時候吃到小顆的,還在裝蒜,我昨天不是有帶一鍋湯來有沒有,那個湯裡面除了好吃的雞腿,我吃的都是小顆的
"乖孫喔 來跟你阿公講一下
要講什麼
",你幫我切這塊,你地價稅還沒繳,阿嬤就是怕你把我帶迷路啦,你要保佑她婚姻幸福,那我們來看一下練習題的部分,我講什麼 你就講什麼
"文化本身不等於流氓 你不能把它劃上等號 那你這個要公平的對待這事
",你已經把它忘記了嗎,比方說像它的對白,觀眾是要跟他們培養感情的,就是講出這句台詞的演員,你要給陣頭文化一個機會,自己演得到底好不好
"我真的不懂 她到底什麼意思 她到底喜不喜歡我
她說她跟你在一起很開心 那就表示她喜歡你了啊
",我好喜歡,可是我比較喜歡仔仔耶,那她為什麼不接受我的告白,可是班上的同學都不喜歡我,只要我喜歡啊,你為什麼那麼喜歡跟LuLu互傳簡訊了
"會覺得很孤單嗎
現在不會
當初
",快氣死了,你要自己看喔,成功了,當初會啊,就先填飽肚子吧,快一點啦
"兩位老師真是不好意思 這孩子真不懂禮貌
蕭先生 成浩他怎麼了 看起來好像不是太開心耶
",最主要是貨物的到達跟發送,還有易開罐的啤酒,你告訴他道理勸他,每一種的書我都非常喜歡,原本他計畫到台中找他叔叔去玩 但我不准讓他去所以他跟我生氣啦,那我只好來配合你
"曉書 你盯著腳幹什麼啊
濂僑 你有沒有想過
",能夠跟得上瞬息萬變的社會潮流才是,但是對於鑽法律漏洞,或者是不按規定的不肖份子,一雙腳可以做哪些事情呢,如果能有適當的罰則來對付,例如說是罰款
"你知道我為什麼找你出來嗎
我不知道
我只是想找個人陪我
",好險啊,才不到一個禮拜的時間,這幾天跌得可慘,試過沒有,你這個炸彈能用嗎,其實我早就知道我老公在外面一直有個女人
"睡在街頭也是常有的事 不過相較於沒精神的立宇 被音樂吸引來的路人
",小孩子的興趣跟他的專長,卻個個看來都還不想睡的樣子,我小費箱上面有而已,天冷季節的室內場地,薇仙還特別請了妹妹和媽媽,為什麼要到很遠的地方
"我剛剛看到梁碧珊她爸爸媽媽 在訓導處門口吵架耶
那有什麼稀奇 女兒不見了難免情緒不佳嘛
可是我聽見她媽媽說 都是因為她爸爸要離婚 所以碧珊才會變成這樣的
",是離婚嗎 還是不離婚跟他糾纏一輩子呢,真的哦 原來她性情大變 是因為家變啊,如果換作是我 我的反應搞不好還比她更勁爆 簡直無法想像耶,早就勸過她不要隨便找劉老師的麻煩 誰不知道劉老師最嚴格了,碧珊今天沒有來是不是有什麼事,她現在在我家
"可不可以麻煩你進去幫我問問看 看看我男朋友在不在好不好
",我等一下再回來這邊,拜託你啦拜託啦,你現在要去哪裡,你就隨便帶我繞一繞啊,你剛剛你男朋友我也不認識,我又不認識他你叫我去問
"林大哥 這是做什麼用的啊
我們這個是在控制 這三十八條路線是要讓火車進來出去還是轉彎
",目的都是要讓魚貨,可以示範看看嗎,你知道高雄的舊名叫打狗嗎,還跟酒廠的朋友們喝酒划酒拳,當初我只是想要幫舒琪,去讀職校也都是你的事
"二○一一年三月十一日 日本發生了 芮氏規模九點零的地震
",然後你就把這個插銷拉出來,並且引發驚人的海嘯,那第二個拉是,大部分的滅火器,是會有一根軟管的,它只要比這個大就會有軟管
"你是鄭叔叔嗎
對啊
你好 我是小中 叔叔 我想要體驗水上人家的生活
",這個魚會沿著山壁走,第一點就是因為,可以帶我去體驗一下嗎,我們把網放在這邊,那個魚經過的時候,我就可以把牠抓起來了
"你們這些業務真現實 現在不過是一個凶宅 就要我求你們啊
聽說那間房子出過很多事情 熟門熟路都知道 大家有所顧忌
賀總 可以讓我試試看嗎
",這座橋不是由這塊或是那塊石頭支撐的,在國道其他路段也有最低速限規定,在國道其他路段也有最低速限規定,德黑蘭的交通已經不是恐怖可以形容,當我和阿伯下定決心環遊世界 心裡總有微微的恐慌,希望你不會讓我失望
"那你在編什麼
頭帶
",食用過多深海魚會有重金屬污染的疑慮,海帶有很多的碘,做這決定還真不是件容易的事,可能是因為太操勞 所以意外病倒了,這件事若屬實 茲事體大,就是要綁在頭上的那種嗎
"平常有沒有什麼秘訣保養喉嚨
",買菜這種簡單而平凡的活動 對高家人來說 卻是一種幸福時光,我給你建議就是 你要嘛就當教練 不然你就當歌手 你不要兩個同時,一點都不好笑,答案就要揭曉了,一般的盆栽 當然要澆得比較頻繁一點,為什麼豆油伯也笑得這麼開心啊
"奕瑄 你還好吧
老師 我真的沒有A大家的錢 你不要聽芷穎亂講 你要相信我
",原來這就是相信的感覺,你要相信自己的才能啊,好好好 你先不要這麼激動 老師相信你,我相信你們老師,雖然老師相信你沒有抽煙 可是你上頂樓就是不對阿,你這樣子很難讓我相信你有氣質
"不過老師現在沒有男朋友 所以我想請你幫我設計一條貝殼做的項鍊好不好
沒問題 我明天就可以拿給你
",老師這是我們向妍如買的貝殼飾品 是她自己設計的,我可以只算你七折,好漂亮 好精緻,就這麼說定了,我剛剛好像聽到高利貸 什麼高利貸啊,你真的是高利貸
"所以今天下午 我應該是沒有辦法變成黑帶了
",你要自己懂得保護自己 但是不可以隨便去主動攻擊人家,第一次踢板的時候 那個時候踢得非常的爛,是不可能,那你一開始踢不破的時候 有沒有覺得自己怎麼那麼笨,為什麼每個人都講是可以跟人家對打呢,那你有沒有出去比賽過
"如果你們這樣要出國表演的話 打包起來大概有多少行李啊
我們上次出國的話 我們大概有七件大行李
",這布幕全部都要變成黑的 然後背景也全部都要黑的 這樣才能夠專心,其實我的行李早就在房間了,為什麼會有行李,七件就可以出國去表演喔 那你們算是一個 很迅速可以移動的部隊耶,行李裡面有毒品,陳大哥會事先準備很多的行李箱 然後把水果放在其中一個行李箱裡面
"在孩子學習的階段 我們要怎麼去關心孩子 幫助孩子學習課業呢
",今天非常謝謝鍾法官和李劍南老師 給我們這麼多難得的一些經驗,父母會不會擔心 沒有辦法跟她溝通啊,這個就是沙燕風箏的縮小版,我覺得讓孩子自動自發的學習是很重要的,我的夢想就是我要念昆蟲系,我們現在站的地方 就是我們的本山五坑了
"這個實驗實在是太聰明了啦
不是你想的方法 你也能這麼開心喔
",你們誰先來啊,我當然開心啦,你千萬不要小看它,這你相信嗎,應該是假的囉,大概也沒辦法
"你擅長的年菜是哪一道呢
",全家人團聚在一塊兒,我最拿手的是這一道丁香豬手招福壽,學員們個個滿心歡喜,我兩個兒子都好愛吃,我們還會再繼續的加強,希望找到可以發揮自己的專長
"都是你啦 出什麼餿主意嘛
這怎麼能怪我 是你自己叫我幫你想辦法的
",就當大家投資你買書的錢 也不為過啊,對啦對啦 反正衰的又不是你,你說誰是唐氏姊妹,他的打卡的卡片不見了,在這邊打瞌睡啊,我婆婆又對我很好
"我是有聽說成浩蠻有這方面的才華的
",因為我喜歡去知道各種不同的知識,可是如果這樣的話,對啊 學校音樂課羅老師如果有需要幫忙的話都會找成浩,一下連看都不看對方,台灣就自行研發了一種愛蘭白酒,我來到了綠島唯一的一所國中
"應該是那個顏色很怪 所以才叫怪水對不對
還是說其實是那個水裡面 有什麼水怪
",我姓蕭 蕭先生,什麼怪水 以前一直說這是毒龍潭,先別急 這個情況是這樣子 我也不知道,如果可以把我們這個 下課花路米的隊徽加上去的話 我覺得這樣會更好一點,誰叫你是瘋狂百米小兵啊,如果我們把材料換一下呢
"爸爸媽媽離婚之後
",你什麼都要學,給她鼓勵說你好棒喔,我跟爸爸一起住,要跟我澄清,現在我們聽聽她的說法吧,你一個女孩子
"你越是不甩他 不理他
",別那麼雞婆啦,你知道我意思嗎,你交了別的女朋友,在講多對基因遺傳,休息一下,他越是有可能回來找你的啦
"這話怎麼說呢
",因為早在十八世紀的時候 扯鈴曾經被傳到歐洲去了 並且造成流行,想不想再看明偉 出神入化的扯鈴絕技啊,現在會玩扯鈴的人 好像已經不多了,你作業寫不完 一定很著急吧,你看這個業的字首和字型 就是作業,接下來我們不先急著教手語
"明天考英文你看國文做什麼
",何況加進尿液的海水,裝了些什麼祕密呢,媽在旁邊指導你可不可以,同學們準備好作答了沒有,去讀職校也都是你的事,我在溫習我等一下就看英文了
"因為我們都知道馮凱導演 其實在電視圈非常有名 拍了很多全台灣人都等著
",我太太非常支持我,其實有三種不同類型的演員,去判斷你的每一個鏡頭,每天等著看的電視劇,陣頭的孩子會打架,這一萬五看完了
"老闆說搶不到死人了啦
夭壽喔 吃太快會弄破碗啦 慢慢來就好了
",吃了有沒有合胃口,剛剛快被那輛車嚇死了,乾杯乾杯,快點喔 你們這團每次都最慢啦,你這裡的東西不錯耶,你會覺得我們很怪嗎
"江議員 您好 今天很高興在這裡跟您碰面
",這個問題我沒有想過耶,我也很高興來參加活動,教學影片做的淺顯易懂,主要是這件事情要能成 要有各方的配合,請大家一起來分享,民主不是一個終點 是一個持續的過程
"在超級市場或魚市場買蝦或是買魚 光看顏色不一定可以證明牠們的新鮮度
",還要用鼻子聞聞看 如果你有聞到藥水味或是臭臭的刺鼻味就要小心了,我等一下要和千晏一起去圖書館看書,其實這裡大家很多不曉得,所以牠們和我的感情都很好,來吸引更多的遊客,有好朋友可以分享彼此的心事
"不然我們來比賽啊
好啊 比什麼
我們來找土星的資料 看誰找到比較多 然後比較有趣啊
",有這個腳踏車很好玩耶,好啊 要比就比啊 這次一定讓你認輸,港和國小我上次有來過,我今天會照顧你哦,我們先來參觀我們學校的天文館,那像這個太陽系裡面這麼多星星
"媽媽的錯 要是有什麼事情 我幫你出面解決嘛
你還要管我嗎 你已經幫倒忙了
",芳儀也十五歲了 算是半個大人了,你不要這麼說嘛 媽媽又不是一個沒有腦袋的人,我不管 為什麼要我倒楣,她做事慢吞吞的 跟她一組會受影響啦,這一次我就幫您轉交 可是以後不要再破費囉,這飲料真好喝 網路上有名的
"而且現在整個大環境 經濟不景氣
",我知道是我該做的,我爸爸早上要就八點多起來,你要什麼口味,每個人都要想辦法賺錢餬口,然後就要來弄攤子,那變成你很晚睡覺
"Zoy一方面抱著貪玩的心情打蠟
另一方面希望多賺點錢
",半夜三更不睡覺,有什麼好洗的啊,要記得收看我和曉書主持的「聽聽看」,可以請陳喬恩吃糖果,用心聽聲音,這樣反而對身體不好喔
"現在全班就只剩下你一個人沒有交 你這樣 我很難做事耶
我又不是故意的 就真的忘了帶嘛
我不管啦 你要趕快想辦法
",全班所有同學都願意為你加油打氣,全班最高分呢,全班就會乖乖聽我的,可是 我現在身上真的沒有錢啊,我們不是故意的,你愛美害到我們全班
"老師 這是我自己做的餅乾 請你嚐嚐看
謝謝 這餅乾好精緻 看到外表就覺得很好吃 你一定花了很多心思
是媽媽厲害 我只是照她方法做而已
",跟你一起去讀職校好了,哈瑪星成為南台灣,好好吃 如果不跟老師說 老師一定覺得這是在外面買的,這裏是手工紙廠嗎,是啦全部都是我自己雞婆,梁老師這裡交給你囉
"葉大叔 想要請問你 在這行李箱裡面 你都裝了些什麼東西啊
",接著下一站到高雄 再待個幾天 輕鬆的到處逛一逛,他喜歡像我們台東這種地區 海岸線很寬敞 海闊天空,如果車子有問題 我就牽到路邊修理,她小時候就是一個 很開朗的小孩子啦,裡面有帳棚 書和隨時要看的地圖,晚上的時候在抓螢火蟲
"以前你們都吃什麼
",尤其這家魚攤 是每趟必來光顧的,他自己本性啦,吃番薯啊 吃飯啊 番薯和米一起煮啊,雨越來越大,好好喔真的好棒,電腦遊戲算什麼運動啊
"我以為兒子回來了 他還沒回來啊
還沒呢
去哪裡呀
",可是你們知道,我現在有多麼想要一支手機了吧,我怎麼曉得他去哪裡,晚上不准你吃飯,到房裡去反省,不吃晚飯也沒有問題
"你們洗澡的地方 上面怎麼會有個洞
",現在是上課時間,不一定在格子裡面上課,你不要取笑他,我真的覺得西寶國小好特別,因為晚上洗澡的時候 可以看到很多星星,全校都知道你們在講什麼
"你要不要上去拜拜一下
要上去拜拜喔
上去拜拜一下
",就說要做什麼事,拜拜最重要,人一定要靠自己,我說這不是錢的問題,我們比較堅持,好 那我先上去拜拜
"你們有沒有覺得老師故意偏袒珮綺啊
可是老師說的也有道理啊
事情又還沒有查清楚
",沒有經過她同意,事情我會查清楚的,他們會更討厭我,不是那麼容易的事,那個人也承認了,你們會不會很傷心
"你知道我們聽障朋友 有哪些方法可以表達自己的意見嗎
",在民國七十二年一月二十一日,改變了您的一生,我知道 有用手語啦 用寫的啦 還有看唇語啦 大概就是這些吧,但是我居然拿到第三名,居然叫我上台領獎,每一學期做我應該做的事情
"我想到一個好辦法 但是得要同學配合才行喔
我相信同學願意的
",你身體不舒服嗎,想什麼那麼入迷啊,應該多開導開導她喔,在他們面前我根本就說不出來,走 我們先和梁老師商量,我又不可能每天陪著你
"你早餐做些什麼菜
",做餛飩湯跟饅頭這樣子,我怎麼不知道,我也有獎狀喔,給他們老年人聽,他沒看見,哪有那麼簡單
"你有沒有想過 以後你兒子長大了 要讓他去學一些什麼才藝
",這音樂真美妙,有沒有 我想想看,我討厭這個演唱會,這真的是太神奇了,你怎麼不問問神奇海螺呢 原來是你兒子做的,再問問看好了
"美術館裡面有好多好大的東西 真好玩
",原來你是我們那年的領隊,我的身體狀況如何,您的私訊可能會掉訊, 剪下插枝在旁邊 約大叢時應該會變很美,颱風接踵而來 烏來地區被摧殘肆虐地道路支離破碎,只要一進去裡面 我就不想出來了
"梁碧珊今天缺席嗎 有沒有託同學請假呀
她昨天從訓導處回來以後 就跟她爸爸媽媽回家了啦
好吧那我們繼續上課
",好現在跟著老師呢 把這一課的課文念一遍,碧珊今天沒有來是不是有什麼事,真的哦 原來她性情大變 是因為家變啊,你爸爸他沒良心 他在外面有了女朋友,早就勸過她不要隨便找劉老師的麻煩 誰不知道劉老師最嚴格了,碧珊今天沒有來是不是有什麼事
"談戀愛的時候
只有幾個好朋友知道
可是一分手
",恢復正常的生活,感冒好了嗎,應該要有神清氣爽,全世界的人都知道了,可是國強他就是說我太認真,終結流言吧
"你覺得我那樣做 真的能感動詠真嗎
",老師真的很感動,我實在是太感動了,因為我用功感動天,當然會啊 如果你對我這麼好的話 我也會感動得痛哭流涕的,豆油伯要是看到這一鍋一定會很感動的,怎麼樣 很感動吧
"可不可以先向觀眾朋友們問聲好
",請問您這個外號是怎麼來的啊,反正就看在你自己,我都不知道,主持人好 各位觀眾大家好,談到這個原因,另外一個原因
"如果要送朋友的話 哪一種最能表達自己的誠意
",這首歌我會唱 我唱給你們聽好不好,你是不是把我當作祕書啊,你要送給誰啊,不要來這一套 我是看你可憐,只有別人幫她 很少她會幫別人,事情過了就算了嘛 晚上我們還要去吃火鍋
"不過人的電阻太大
如果電壓夠大的話
",電流就可以通過人體了,因為太過鮮豔會被蜂群叮上,這個是我的秘密,踏實的一步一步往前走,你不要取笑人家了啦,確實有人可以這樣子
"老師 你其實不用那麼辛苦嘛 你寫的課本上都有啊
",我認為你們大家動手抄一遍 會記得更清楚,我知道課本上有 可是不能因為課本上有 我就不教呀,我希望同學對歷史課態度 能有所改變,學歷史只是為了應付考試,你趕快把黑板上 老師寫的抄下來,所以希望大家抄起來
"陳康的苗條身材變胖之後 不知道是什麼樣的情形
你有沒有特別把以前的照片 帶來跟觀眾朋友們分享
",這都可以放下三個我了耶,有啊 我帶了照片給大家傳閱一下好不好,實在很辛苦,我們一定要節制控制飲食 挨餓才會瘦一點啊,我們要如何控制飲食才不會變胖,這就是大家要特別注意的地方
"你可以跟你朋友講說 如果賣不出去的話 也可以出租
",這是今天的節目表,這個東西太貴了,搜尋這個網址就可以找到相關訊息,租人太麻煩了 我這個朋友他就是怕麻煩,這些垃圾是要拿去回收的,朋友就是要互相幫忙
"你決定要選誰了沒有 快點做決定
是喔 很多人投了嗎 那現在誰最多票
 拜託 想也知道 一定是溫柔又漂亮的祐禎
",把希望擺在未來 展現自我,年輕的執著就是夢想,總統今天到台南勘查,真巧 我也是投她,日本女高中生似乎覺得這樣子很可愛,台灣少子化現象逐年加劇
"還有誰還沒有投票的
投什麼票
不關女生的事
",願意主動把辛苦積蓄的資金 極大多數拿出來做社會急需的公益,植樹不是為了自己 而是為了後代子孫,什麼不干女生的事 拿來 我看,性別平等教育季刊 藉由閱讀的推廣與宣導 型塑多元文化中性別平等圖像,家中如果同時養貓和養魚該怎麼讓牠們和平共處 相安無事呢,更加誠實地面對內心的渴望 才能全心享受當下
"因為我們兩個從小就認識到現在 然後我們一起在水溝尿過無數次的尿
",每一次尿尿的時候魚群都會靠過來,強健國民的體魄而蓋的道館,然後呢再經過手工抄紙,我們大口吃下肚的海鮮,填海造地除了讓高雄港,一定也會有一個人覺得不開心
"就你可以看啊 這些都是啊 所以你也很漂亮是不是
",我媽媽心很漂亮 就很好的家庭主婦吧,爸爸就是很活潑,沒有 我可沒這麼說,他就會揹我們上下樓梯,那媽媽漂亮嗎,所以還蠻感恩的
"看不出來我在練功喔
",搞不好真的有這種泉水,我從小就在這裡長大的,你還說到嘴角全部都是口水,我們下課花路米探索的精神,練功練什麼功啊,你怎麼這樣子啊 小氣
"為什麼不走岸邊
",這一些林林總總加起來大概花了五千元左右,希望大家在今天的土雞選美比賽都能奪得好成績,所以我們就遠遠的觀察牠們就好了 也不要去打擾牠們,我們是希望遊客可以自動自發不要去抓裡面的螃蟹,保守估計可能超過兩百隻,岸邊的那個距離更長 抄近路就對了
"一樣耶 有默契喔
誰跟你有默契 我跟舒琪借的
太巧了 我是跟千晏借的
",這種知性之旅的酒文化,我們大口吃下肚的海鮮,就是加進不用半毛成本的尿液,它要從那個地方出去,看起來好像不是太開心耶,這樣算起來我們還是很有默契
"老師 這是我阿嬤做的飛魚乾要給老師吃的
飛魚 綠島也有飛魚 我還以為蘭嶼才有耶
",是這個地區很具代表性的西子灣,流汗流光了沒有,而且福馬林聽說有一種很奇怪的味道,真的能夠維持魚貨的鮮豔顏色嗎,更特殊的是我們的票櫃,綠島也有飛魚 而且成浩他阿嬤做的飛魚乾非常好吃耶
"老闆 我們來這裡遊玩的
想問一下路 那個舞鶴怎麼走
",你現在出去看到紅綠燈 往南走差不多十分鐘就到了,你在做什麼,這個是我的秘密,這個時候又要和大家說再見了,留下來的藏寶圖,這個一個五塊
"後來再隔比較麻煩 就是說它跟原來的 負重的結構會不一樣 所以地震的時候
",基本上不要超過二十五公分,太高的火災你不容易滅,它比較容易垮,像這麼小的滅火器,火災感應器,那個罩子還罩在上面
"曉書 玫瑰花送給你 是不是很漂亮呢
",很高興認識你 我是從白俄羅斯來的,他今年只有十四歲 可以掌握得很好,好漂亮喔,我要獻給奶奶一首歌 叫做 雨夜花,看到許多台灣女性 都有很強的韌性還有生命力,除了跳舞 彈琴之外 韋齊最愛的就是畫畫了
"我今天找你來 是想請你幫忙的 事成之後 自有重賞
",那個人是誰啊,他不是你的會計嗎,有什麼了不起嘛,有種過來啊,只要我能幫忙 必效犬馬之勞,你囉唆了半天
"老師 你今天沒有跟蕙馨一起走
她有事要集合
",真倒楣 差一點點就趕上了,也許你會有新的發現 新的感覺喔,那老師陪你走到車站囉,人生的經歷就是這樣子累積來的,你們不用假惺惺了,一定來不及準備
"姵蓁 你的錶壞了啊
可是這好像不是你的錶
",留住本國優質人才,沒啦 是佳宏的,絕對不能猶豫蹉跎,你有去過瑞士嗎,這個結果得來不易,我家買了一個新時鐘
"但是我的兒子喜歡的 有一個人說不定跟你一樣 是誰住在深海的大鳳梨裡
",還有薩克斯風手黑麥,聊聊對工作的想法,海綿寶寶,我想要突破自己,躺一下就睡著了,所以她們自己溝通就可以了
"你今天怎麼沒去上課
",人都過世那麼久了,大表姊要結婚了嘛,這張好像是政府寄來的,下午才有課啊,你是我帶大的耶 從小就看到不想看了,阿嬤放心啦 我會帶你一起去啊
"學姐 學姐 那我什麼時候 可以開始賣房子啊
",資訊是來自有點像是競爭對手的其他公司,盡量不要房貸之外再多借信貸,我是自己做蘋果內餡,沒有平家一族 其他人就沒法生存,不行啦 妳還太嫩 什麼事情都不會,馬可波羅描述一座橋 一塊一塊石頭地仔細訴說
"那你現在差不多一個禮拜要花多久時間騎馬
",對人其實很好是不是,我已經做了一個重大的決定,五天吧,我的記憶力一直不算很好,只要員工有什麼樣的意見 我們就會採納或是進用,那麼舊厝翻翻咧變新厝
"我們還要走多遠
",跑步可以鍛鍊身體,運動會先來預演一次,總共有十一位,只有五百塊,大概差不多再走三百公尺,差不多九斤以上
"不會啦 這種碳酸它是鹼性的啦
",奇怪你怎麼都知道,澳就是代表海岸彎曲的地方,這個酸鹼值我就有學過 如果說這個pH值大於七的 它就是鹼性的,如果把這兩樣加在一起 你覺得它會變成什麼樣子,蘇澳這個地區 終年的雨量非常的豐沛,你知道那彈珠汽水 最早的時候是用什麼水做的
"他身上香水好香
你也有聞到啊 那是什麼牌子的香水啊
",我先自我介紹,不知道,這是我的名字,其他部份以後大家會慢慢瞭解,我們今天就從三角函數開始,對不起啊各位
"陳韋辰 你又不吃飯啦
我在減肥
光靠餓肚子是不能減肥的
",誰說的 我已經瘦了兩公斤了,同學 不好意思 漲價了 請你再補三十,而能力的好壞 也關係到是否能在職場上站穩,好像要上戰場了,不知道味道怎麼樣,為了讓大家好好的看清楚員貝的面貌 船長特別帶我們繞行員貝一周
"偉傑人真好 班上男生應該多跟他學學才對
",你必須要先對自己誠實 你才有辦法完整的跟對方表達,這樣的行為 已經侵犯了他人的隱私權 是要負法律責任的,每個作家都應該要有一台筆電 才能隨時隨地的 記錄下自己的靈感,聽說有同學想要人肉搜索那個社群網站帳號的主人,居然用這種方式贏得比賽 實在勝之不武,對 偉傑做人有禮貌 服裝儀容整齊又乾淨
"我比較想知道的是 不管是單親爸爸或是單親媽媽
",有沒有什麼改變,對孩子的教育方式,我比較想知道的是,那她怎麼說還是你們的媽媽,會更嚴格的要求,有沒有什麼改變
"他很會藏喔 隨便那個書櫃啊 那個抽屜啊 到處都是 都是酒瓶
今天有嗎
今天我們來查 找找看
",沒有啦 今天已經克制得很好了啦,他覺得讓女人去扛 是很沒面子的事情,我有時候在車上很難過就大哭 或者大叫,這天是星期四 阿芬不上課,製作小組很擔心,我傳道已經三十四年了
"你們覺得上陶藝課最快樂 是什麼事
",可以自己創造,他們都會很興奮,我想要一個觀星台,那每天這樣子浪費時間,下次我要早點來,害我都好想轉學喔
"小莉 知不知道妍如跑哪兒去了
不知道 今天還沒看到她
",收你五百,總共是一百五十三元,她爸爸好像搬回去台灣 一年只回來看她一兩次,我覺得她蠻有這方面的天分的,我可以只算你七折,真是的 明明知道假日客人比較多 還不在家裡幫忙
"你看他這麼高 這麼壯 我怎麼可能贏他
",這個最重要的技巧其實是運用智慧,我是因為這個訓練的時間不足嘛 來不及準備,不然這樣好了啦 你跟小中示範一場給我做參考,好 那你來當裁判,這樣有沒有瞭解,什麼我壯 你也不弱好不好
"叔叔 那我們要怎麼過去
搭這一艘 出發了
哇塞 好棒喔 第一次在日月潭上面
",以前的老蔣總統很愛吃這個,算小的,牠為什麼叫總統魚,坐著這種小船在湖上面走,你說以前那個蔣總統,他很喜歡吃這個魚
"你明天要考試 功課寫完了嗎
",原來你是在擔心這個啊,這是她的部落格 文筆不錯 而且還會塗鴉,明天只是小考而已 沒關係啦,日子久了慢慢習慣了,我的情緒有點失控了,我才不要交男朋友呢
"人家下班了啦
要是不趕快存起來 到時候一定會露出馬腳的
",現在在花蓮的玉里還有一間這樣的郵局,但是它當郵局這樣就有點怪,可以啊 我就在那裡工作,不用了 我自己去就好,這是行動咖啡喔,豆油伯 你也不要那麼緊張 今天來不及明天再拿去寄不就得了嗎
"老師 他不是壞人啦
老師並沒有說他是壞人啊 只是希望你們在公共場所 能夠提高警覺
",我在她們心目中 還不如一個陌生人,她們不是那個意思,好耶 譚老師跟織田裕二比比看誰比較強,我們今天跟他約好了耶 他還要替我們複習功課,他不是那個日本明星嗎,老師 帥哦
"這點想請教鄭組長 規畫無障礙環境 要考慮哪些問題 有沒有針對聽障設計的呢
當然我們現在技術規則
",剛才有沒有看到,大部分都是以視障跟肢障的為主,她說謝謝耶,每一個父母親,總是希望兒女能夠身體健康,她用雙腳向大家問好啊
"以後數學課我就跟你換位置
為什麼要換位置
",請務必把它抄下來,所以最後等於是,沒有為什麼我就是要跟你換位置,25分之17,在大學聯考當中,是特別重要的
"賈晨 舒琪她們兩個怎麼了 一個星期都不跟對方說話
誰知道 一下像黏巴達 一下連看都不看對方
你們女生好奇怪
",觀察得相當的入微,對人體還是不會有害的,我希望能學習更多相關英文,經驗一下收蝦可以沒問題,你才奇怪,看看哪一鍋的蝦子最先死翹翹
"都是你啦 出什麼餿主意嘛
",那妳得跟妳先生一起回去才對,這怎麼能怪我 是你自己叫我幫你想辦法的,我是來這邊找一個人,我想我的新生活 應該就要開始了吧,算得真準,她要不是為了減肥 也不會這樣啊
"不要管我了 我自己在這邊練習
那怎麼行
",還不好好利用一下,我這不是好好的嗎,有什麼事情 吃完飯再說,就好想來看看你們,媽媽認為應該有些幫助,不要擔心 教練就在這邊
"奕瑄她爸爸之前是我們那一里的里長 但因為盜用公款被判坐牢
既然奕瑄她爸爸會A錢 那我們把校外教學的費用交給她 是不是也很危險啊
",你覺得危險就不要參加,那就麻煩你這位求職包打聽 好好的幫大家服務囉,你們這樣橫衝直撞真的很危險耶,校外教學活動舉辦的意義是什麼,勤儉本來就是美德,芷穎 你不要亂講話 奕瑄她才不會那樣
"你知道有沒有熟嗎
",本來後面不是很亂嗎 上面擺的嗎,不好意思 他臉紅了,好像我所有的理都沒有了 都是她對了,可是明明是你錯了 你硬拗說是我錯,我知道 看外面就知道了,真的 眼睛還紅的啊
"您平常有參與聽障團體 常會用的手語是什麼
",這軟體真的不錯,科系的價值不該用賺不賺錢來衡量,我們平常一般遇到聾人的話 就先跟他問好,這篇寫得有憑有據 擲地有聲,人應往自己夢想的道路前進,我居然忘了她是協理啊
"那時候我要照顧孩子
",不能去工作,但他也不聽,有別的女人,這些我都忍下來了,但後來知道他有外遇,還有小孩要養
"那這個戲裡面 當然有很多東西是可以值得 一一抽出來談的 比方說像它的對白
",去判斷你的每一個鏡頭,是經過算計的嗎,它的對白很多很經典,我們不去做判斷,那我就跟你聊,其實在電視圈非常有名
"濂僑 你有沒有想過 你以後退休之後要做什麼啊
",一起來家裡打打小麻將啦,因為今天在手語劇場裡,幹嘛這麼早就退休啊,我看他的年紀跟你差不多,害我嚇一跳,退休之後啊 當然是有空就約朋友
"老師喜歡的類型像姵蓁一樣 常常笑臉迎人
果然老師欣賞的類型也是異於常人
",老師 不行啦 你選的可是我們班上的恰查某,天下父母心 每個爸媽都希望家中的寶貝可以 高人一等,警方呼籲 年關將至 民眾除了應發揮守望相助的精神,最棒的視覺感官體驗不能錯過,這些基本營養素 大部分可透過飲食的均衡攝取獲得,趕快把垃圾拿去丟掉吧
"小微呀 你在摸什麼啊 都幾點啦
",好啦 馬上就好了,你真的相信 世界上只有十二種人嗎,神算公主代誌大條囉,紀老師幫你說了好多好話 都沒用耶,我想讓她自己想辦法解決問題 她才會了解到事情的嚴重性,紀老師是最善良最有同情心的巨蟹座啊
"房仲業有很多事要學 那一本重要的寶典書買了沒有
",你看 我幫你帶了這麼甜的葡萄,今年的房價一直跌不下來, 有 我第一天就買了 學長姐規定的,教育政策的制定是很重要的,你今天搭幾點的火車,我覺得那部電影超好看的
"阿公 幫幫我把這個剪掉
剪掉做什麼
",不要傻了啦,你咬不動,拿來炫耀一下,我要燒啊,你年紀大了,希望有個新氣象
"奇怪 真奇怪
什麼事情很奇怪
",我也有陪我媽媽看過喔,很感人 這個故事很棒,快點 換你,換我出牌了,我在看那個VCD,豆油伯那柑仔店 有七八個日本人來跟他買東西 還這樣很有禮貌
"裡面的水生植物是我們照顧的
那你們照顧得很好耶 等一下 這個可愛的陶瓷作品
",不過你好像這個是不太一樣,可以一邊喝著下午茶,我們一起去玩吧,還真被你講對了,也是你們自己DIY做的嗎,你不要亂講
"姊姊珮綺 常對妹妹珮華的金錢觀不以為然
她常常被我罵
",可是因為我們拆掉是有原因的,是因為他不可理喻,因為他說那個插頭,卻造成賭氣的爺爺遲遲未歸,道江才不得不禁止爺爺使用電風扇,我覺得說她花錢沒有理智
"因為我有一個更神奇的玩具 比你的玩具更酷
",而且我們不會照抄的啦 只是寫完之後參考一下而已,可是我怕我的英文劇本 會趕不完 怎麼辦,我跟曉書好好溝通溝通,我的作業借給你觀摩,真的嗎 是什麼新鮮的玩具 給我看看嘛,作業不都是你自己寫完的嗎
"好可愛喔 這是什麼
這是瓢蟲
",姊姊 你不怕蟲蟲喔,女兒終究會長大,我好緊張喔,因為這個要煮很久,你們可以吃飯啊,你不用怕
"只要你跟我一起用功 我們一定會考上同一所高中的
可是我怕我考不好
",我們要把蝦子放進去,不過其中最喜歡的是健康教育,舒琪說她想要讀餐飲科,而且今天我們來的日子,花路米觀眾平安喜樂,有我在你怕什麼 我打電話來就是要跟你說明天考試的重點
"我警告你喔 不要讓我再接到學校打來電話喔
",光曉得把力氣花在這些不真實的東西上,你怎麼沒有幫自己算一算啊,還有紫微斗數啊,你是說只要我在外型上做改變 就可以化解了嗎,好啦,考運再好 不念書也不能考一百分啊
